mean_fit_time,std_fit_time,mean_score_time,std_score_time,param_clf__C,param_clf__class_weight,param_clf__penalty,param_clf__solver,param_tfidf__max_features,param_tfidf__min_df,param_tfidf__ngram_range,params,split0_test_score,split1_test_score,split2_test_score,split3_test_score,split4_test_score,mean_test_score,std_test_score,rank_test_score,split0_train_score,split1_train_score,split2_train_score,split3_train_score,split4_train_score,mean_train_score,std_train_score
0.9313577651977539,0.0966041559795121,0.1514125347137451,0.03869354698551739,0.01,balanced,l1,liblinear,5000,2,"(1, 1)","{'clf__C': 0.01, 'clf__class_weight': 'balanced', 'clf__penalty': 'l1', 'clf__solver': 'liblinear', 'tfidf__max_features': 5000, 'tfidf__min_df': 2, 'tfidf__ngram_range': (1, 1)}",0.0,0.0,0.0,0.0,0.0,0.0,0.0,163,0.0,0.0,0.0,0.0,0.0,0.0,0.0
17.035608053207397,6.992764080183147,0.24792399406433105,0.027361467081667864,0.01,balanced,l1,liblinear,5000,2,"(1, 2)","{'clf__C': 0.01, 'clf__class_weight': 'balanced', 'clf__penalty': 'l1', 'clf__solver': 'liblinear', 'tfidf__max_features': 5000, 'tfidf__min_df': 2, 'tfidf__ngram_range': (1, 2)}",0.0,0.0,0.0,0.0,0.0,0.0,0.0,163,0.0,0.0,0.0,0.0,0.0,0.0,0.0
0.7513392925262451,0.07117389383693694,0.12484250068664551,0.013633633081183467,0.01,balanced,l1,liblinear,5000,3,"(1, 1)","{'clf__C': 0.01, 'clf__class_weight': 'balanced', 'clf__penalty': 'l1', 'clf__solver': 'liblinear', 'tfidf__max_features': 5000, 'tfidf__min_df': 3, 'tfidf__ngram_range': (1, 1)}",0.0,0.0,0.0,0.0,0.0,0.0,0.0,163,0.0,0.0,0.0,0.0,0.0,0.0,0.0
20.19502911567688,0.23419537853714403,0.1983243465423584,0.0193538908663637,0.01,balanced,l1,liblinear,5000,3,"(1, 2)","{'clf__C': 0.01, 'clf__class_weight': 'balanced', 'clf__penalty': 'l1', 'clf__solver': 'liblinear', 'tfidf__max_features': 5000, 'tfidf__min_df': 3, 'tfidf__ngram_range': (1, 2)}",0.0,0.0,0.0,0.0,0.0,0.0,0.0,163,0.0,0.0,0.0,0.0,0.0,0.0,0.0
4.279999923706055,6.929154899525173,7.034943675994873,8.429556473446317,0.01,balanced,l1,liblinear,5000,5,"(1, 1)","{'clf__C': 0.01, 'clf__class_weight': 'balanced', 'clf__penalty': 'l1', 'clf__solver': 'liblinear', 'tfidf__max_features': 5000, 'tfidf__min_df': 5, 'tfidf__ngram_range': (1, 1)}",0.0,0.0,0.0,0.0,0.0,0.0,0.0,163,0.0,0.0,0.0,0.0,0.0,0.0,0.0
20.225843286514284,0.1469737651759069,0.23116049766540528,0.021096365982831305,0.01,balanced,l1,liblinear,5000,5,"(1, 2)","{'clf__C': 0.01, 'clf__class_weight': 'balanced', 'clf__penalty': 'l1', 'clf__solver': 'liblinear', 'tfidf__max_features': 5000, 'tfidf__min_df': 5, 'tfidf__ngram_range': (1, 2)}",0.0,0.0,0.0,0.0,0.0,0.0,0.0,163,0.0,0.0,0.0,0.0,0.0,0.0,0.0
9.074953317642212,7.870235313128735,2.240510272979736,4.190887684757489,0.01,balanced,l1,liblinear,10000,2,"(1, 1)","{'clf__C': 0.01, 'clf__class_weight': 'balanced', 'clf__penalty': 'l1', 'clf__solver': 'liblinear', 'tfidf__max_features': 10000, 'tfidf__min_df': 2, 'tfidf__ngram_range': (1, 1)}",0.0,0.0,0.0,0.0,0.0,0.0,0.0,163,0.0,0.0,0.0,0.0,0.0,0.0,0.0
2.3652431964874268,0.11280979860553803,0.20490989685058594,0.025931161664170158,0.01,balanced,l1,liblinear,10000,2,"(1, 2)","{'clf__C': 0.01, 'clf__class_weight': 'balanced', 'clf__penalty': 'l1', 'clf__solver': 'liblinear', 'tfidf__max_features': 10000, 'tfidf__min_df': 2, 'tfidf__ngram_range': (1, 2)}",0.0,0.0,0.0,0.0,0.0,0.0,0.0,163,0.0,0.0,0.0,0.0,0.0,0.0,0.0
0.4689896583557129,0.07695537602733774,0.1169961929321289,0.03383440029153285,0.01,balanced,l1,liblinear,10000,3,"(1, 1)","{'clf__C': 0.01, 'clf__class_weight': 'balanced', 'clf__penalty': 'l1', 'clf__solver': 'liblinear', 'tfidf__max_features': 10000, 'tfidf__min_df': 3, 'tfidf__ngram_range': (1, 1)}",0.0,0.0,0.0,0.0,0.0,0.0,0.0,163,0.0,0.0,0.0,0.0,0.0,0.0,0.0
2.0433589458465575,0.26130817137314133,0.22697792053222657,0.014127235712107222,0.01,balanced,l1,liblinear,10000,3,"(1, 2)","{'clf__C': 0.01, 'clf__class_weight': 'balanced', 'clf__penalty': 'l1', 'clf__solver': 'liblinear', 'tfidf__max_features': 10000, 'tfidf__min_df': 3, 'tfidf__ngram_range': (1, 2)}",0.0,0.0,0.0,0.0,0.0,0.0,0.0,163,0.0,0.0,0.0,0.0,0.0,0.0,0.0
0.40418424606323244,0.04021271386672044,0.12076640129089355,0.0047608040507970805,0.01,balanced,l1,liblinear,10000,5,"(1, 1)","{'clf__C': 0.01, 'clf__class_weight': 'balanced', 'clf__penalty': 'l1', 'clf__solver': 'liblinear', 'tfidf__max_features': 10000, 'tfidf__min_df': 5, 'tfidf__ngram_range': (1, 1)}",0.0,0.0,0.0,0.0,0.0,0.0,0.0,163,0.0,0.0,0.0,0.0,0.0,0.0,0.0
1.9747074127197266,0.06912817127817851,0.19852676391601562,0.021416002339371458,0.01,balanced,l1,liblinear,10000,5,"(1, 2)","{'clf__C': 0.01, 'clf__class_weight': 'balanced', 'clf__penalty': 'l1', 'clf__solver': 'liblinear', 'tfidf__max_features': 10000, 'tfidf__min_df': 5, 'tfidf__ngram_range': (1, 2)}",0.0,0.0,0.0,0.0,0.0,0.0,0.0,163,0.0,0.0,0.0,0.0,0.0,0.0,0.0
0.4696211814880371,0.04271722298580648,0.13417997360229492,0.023123717419930776,0.01,balanced,l1,liblinear,20000,2,"(1, 1)","{'clf__C': 0.01, 'clf__class_weight': 'balanced', 'clf__penalty': 'l1', 'clf__solver': 'liblinear', 'tfidf__max_features': 20000, 'tfidf__min_df': 2, 'tfidf__ngram_range': (1, 1)}",0.0,0.0,0.0,0.0,0.0,0.0,0.0,163,0.0,0.0,0.0,0.0,0.0,0.0,0.0
2.042958307266235,0.054031439612676514,0.2316187858581543,0.013048811644917273,0.01,balanced,l1,liblinear,20000,2,"(1, 2)","{'clf__C': 0.01, 'clf__class_weight': 'balanced', 'clf__penalty': 'l1', 'clf__solver': 'liblinear', 'tfidf__max_features': 20000, 'tfidf__min_df': 2, 'tfidf__ngram_range': (1, 2)}",0.0,0.0,0.0,0.0,0.0,0.0,0.0,163,0.0,0.0,0.0,0.0,0.0,0.0,0.0
0.40300536155700684,0.03343214067169687,0.09732952117919921,0.010218937870018232,0.01,balanced,l1,liblinear,20000,3,"(1, 1)","{'clf__C': 0.01, 'clf__class_weight': 'balanced', 'clf__penalty': 'l1', 'clf__solver': 'liblinear', 'tfidf__max_features': 20000, 'tfidf__min_df': 3, 'tfidf__ngram_range': (1, 1)}",0.0,0.0,0.0,0.0,0.0,0.0,0.0,163,0.0,0.0,0.0,0.0,0.0,0.0,0.0
1.78794584274292,0.2234478797896763,0.17796902656555175,0.04406581542146435,0.01,balanced,l1,liblinear,20000,3,"(1, 2)","{'clf__C': 0.01, 'clf__class_weight': 'balanced', 'clf__penalty': 'l1', 'clf__solver': 'liblinear', 'tfidf__max_features': 20000, 'tfidf__min_df': 3, 'tfidf__ngram_range': (1, 2)}",0.0,0.0,0.0,0.0,0.0,0.0,0.0,163,0.0,0.0,0.0,0.0,0.0,0.0,0.0
0.4008913040161133,0.03216200719678302,0.11632647514343261,0.01768918479361224,0.01,balanced,l1,liblinear,20000,5,"(1, 1)","{'clf__C': 0.01, 'clf__class_weight': 'balanced', 'clf__penalty': 'l1', 'clf__solver': 'liblinear', 'tfidf__max_features': 20000, 'tfidf__min_df': 5, 'tfidf__ngram_range': (1, 1)}",0.0,0.0,0.0,0.0,0.0,0.0,0.0,163,0.0,0.0,0.0,0.0,0.0,0.0,0.0
1.757716417312622,0.10165430319480581,0.15783238410949707,0.022000204167826835,0.01,balanced,l1,liblinear,20000,5,"(1, 2)","{'clf__C': 0.01, 'clf__class_weight': 'balanced', 'clf__penalty': 'l1', 'clf__solver': 'liblinear', 'tfidf__max_features': 20000, 'tfidf__min_df': 5, 'tfidf__ngram_range': (1, 2)}",0.0,0.0,0.0,0.0,0.0,0.0,0.0,163,0.0,0.0,0.0,0.0,0.0,0.0,0.0
0.4108463764190674,0.03395434040202575,0.10885310173034668,0.017432127597902455,0.01,balanced,l2,liblinear,5000,2,"(1, 1)","{'clf__C': 0.01, 'clf__class_weight': 'balanced', 'clf__penalty': 'l2', 'clf__solver': 'liblinear', 'tfidf__max_features': 5000, 'tfidf__min_df': 2, 'tfidf__ngram_range': (1, 1)}",0.6776556776556777,0.6877323420074349,0.7063197026022305,0.6617647058823529,0.7061068702290076,0.6879158596753407,0.017080996211912256,80,0.7029053420805998,0.7102001906577693,0.7041587901701323,0.7028301886792453,0.697565543071161,0.7035320109317815,0.004033397578387619
1.6907437324523926,0.21846064237695398,0.151824951171875,0.052355880642418653,0.01,balanced,l2,liblinear,5000,2,"(1, 2)","{'clf__C': 0.01, 'clf__class_weight': 'balanced', 'clf__penalty': 'l2', 'clf__solver': 'liblinear', 'tfidf__max_features': 5000, 'tfidf__min_df': 2, 'tfidf__ngram_range': (1, 2)}",0.6877323420074349,0.6792452830188679,0.6870229007633588,0.6730769230769231,0.7115384615384616,0.6877231820810094,0.013069396992878317,84,0.7183908045977011,0.7296767874632712,0.732421875,0.7365853658536585,0.726660250240616,0.7287470166310495,0.006122327956190919
0.37294669151306153,0.0727536443183984,0.09203858375549316,0.021310983222281265,0.01,balanced,l2,liblinear,5000,3,"(1, 1)","{'clf__C': 0.01, 'clf__class_weight': 'balanced', 'clf__penalty': 'l2', 'clf__solver': 'liblinear', 'tfidf__max_features': 5000, 'tfidf__min_df': 3, 'tfidf__ngram_range': (1, 1)}",0.6751824817518248,0.6851851851851852,0.7037037037037037,0.6666666666666666,0.7088122605363985,0.6879100595687557,0.016168111329638357,81,0.7009345794392523,0.706831119544592,0.696798493408663,0.7008466603951082,0.6962616822429907,0.7003345070061212,0.0037926153563589723
1.6218058586120605,0.15394353828082255,0.16613187789916992,0.04074209209152266,0.01,balanced,l2,liblinear,5000,3,"(1, 2)","{'clf__C': 0.01, 'clf__class_weight': 'balanced', 'clf__penalty': 'l2', 'clf__solver': 'liblinear', 'tfidf__max_features': 5000, 'tfidf__min_df': 3, 'tfidf__ngram_range': (1, 2)}",0.6877323420074349,0.6954887218045113,0.6896551724137931,0.6679389312977099,0.7115384615384616,0.6904707258123822,0.014034781150139179,76,0.7149666348903718,0.7282502443792767,0.7337220602526725,0.7358674463937622,0.726660250240616,0.7278933272313399,0.007298053831591966
0.36071162223815917,0.030729093679730885,0.08831963539123536,0.022653788772647572,0.01,balanced,l2,liblinear,5000,5,"(1, 1)","{'clf__C': 0.01, 'clf__class_weight': 'balanced', 'clf__penalty': 'l2', 'clf__solver': 'liblinear', 'tfidf__max_features': 5000, 'tfidf__min_df': 5, 'tfidf__ngram_range': (1, 1)}",0.6727272727272727,0.6801470588235294,0.6985294117647058,0.6666666666666666,0.7007575757575758,0.6837655971479502,0.013667548487809338,86,0.6970260223048327,0.7048249763481551,0.6933962264150944,0.700187969924812,0.6896551724137931,0.6970180734813375,0.005259774278802698
1.5592263698577882,0.15713191998740353,0.16385645866394044,0.015175091202295612,0.01,balanced,l2,liblinear,5000,5,"(1, 2)","{'clf__C': 0.01, 'clf__class_weight': 'balanced', 'clf__penalty': 'l2', 'clf__solver': 'liblinear', 'tfidf__max_features': 5000, 'tfidf__min_df': 5, 'tfidf__ngram_range': (1, 2)}",0.6877323420074349,0.6818181818181818,0.6896551724137931,0.6679389312977099,0.7061068702290076,0.6866502995532254,0.012346844803766147,85,0.7149666348903718,0.7303921568627451,0.7302823758519961,0.7337220602526725,0.7252641690682037,0.7269254793851978,0.006561311328248951
0.37569680213928225,0.02966929025734734,0.0933413028717041,0.021372439548867236,0.01,balanced,l2,liblinear,10000,2,"(1, 1)","{'clf__C': 0.01, 'clf__class_weight': 'balanced', 'clf__penalty': 'l2', 'clf__solver': 'liblinear', 'tfidf__max_features': 10000, 'tfidf__min_df': 2, 'tfidf__ngram_range': (1, 1)}",0.6776556776556777,0.6902985074626866,0.7063197026022305,0.6617647058823529,0.7061068702290076,0.688429092766391,0.017106305554807383,78,0.702247191011236,0.7081749049429658,0.7048249763481551,0.7034938621340887,0.698874296435272,0.7035230461743435,0.003052027012417811
1.3774494647979736,0.22741319066021592,0.13952112197875977,0.04195664509278571,0.01,balanced,l2,liblinear,10000,2,"(1, 2)","{'clf__C': 0.01, 'clf__class_weight': 'balanced', 'clf__penalty': 'l2', 'clf__solver': 'liblinear', 'tfidf__max_features': 10000, 'tfidf__min_df': 2, 'tfidf__ngram_range': (1, 2)}",0.7037037037037037,0.6981132075471698,0.6896551724137931,0.6870229007633588,0.7115384615384616,0.6980066891932974,0.009010744964594607,66,0.7253384912959381,0.7405566600397614,0.7445759368836292,0.7472959685349065,0.7421875,0.7399909113508472,0.007671046947278292
0.3847052574157715,0.04997863395409911,0.10418553352355957,0.008666487519798037,0.01,balanced,l2,liblinear,10000,3,"(1, 1)","{'clf__C': 0.01, 'clf__class_weight': 'balanced', 'clf__penalty': 'l2', 'clf__solver': 'liblinear', 'tfidf__max_features': 10000, 'tfidf__min_df': 3, 'tfidf__ngram_range': (1, 1)}",0.6751824817518248,0.6851851851851852,0.7037037037037037,0.6666666666666666,0.7088122605363985,0.6879100595687557,0.016168111329638357,81,0.7009345794392523,0.706831119544592,0.696798493408663,0.7008466603951082,0.6962616822429907,0.7003345070061212,0.0037926153563589723
1.678175973892212,0.22268350176561824,0.15019497871398926,0.05184185132220124,0.01,balanced,l2,liblinear,10000,3,"(1, 2)","{'clf__C': 0.01, 'clf__class_weight': 'balanced', 'clf__penalty': 'l2', 'clf__solver': 'liblinear', 'tfidf__max_features': 10000, 'tfidf__min_df': 3, 'tfidf__ngram_range': (1, 2)}",0.7037037037037037,0.6954887218045113,0.6923076923076923,0.6870229007633588,0.7115384615384616,0.6980122960235455,0.008660565957224536,65,0.7253384912959381,0.7405566600397614,0.7445759368836292,0.7443682664054848,0.7414634146341463,0.739260553851792,0.00713720305150878
0.36096796989440916,0.05993836288300357,0.0992647647857666,0.03264035555867697,0.01,balanced,l2,liblinear,10000,5,"(1, 1)","{'clf__C': 0.01, 'clf__class_weight': 'balanced', 'clf__penalty': 'l2', 'clf__solver': 'liblinear', 'tfidf__max_features': 10000, 'tfidf__min_df': 5, 'tfidf__ngram_range': (1, 1)}",0.6727272727272727,0.6801470588235294,0.6985294117647058,0.6666666666666666,0.7007575757575758,0.6837655971479502,0.013667548487809338,86,0.6970260223048327,0.7048249763481551,0.6933962264150944,0.700187969924812,0.6896551724137931,0.6970180734813375,0.005259774278802698
1.539191198348999,0.12672975249534416,0.15516467094421388,0.04084719342979536,0.01,balanced,l2,liblinear,10000,5,"(1, 2)","{'clf__C': 0.01, 'clf__class_weight': 'balanced', 'clf__penalty': 'l2', 'clf__solver': 'liblinear', 'tfidf__max_features': 10000, 'tfidf__min_df': 5, 'tfidf__ngram_range': (1, 2)}",0.6877323420074349,0.7007575757575758,0.6896551724137931,0.6756756756756757,0.7061068702290076,0.6919855272166975,0.010638538990826958,72,0.7197696737044146,0.7354392892398816,0.7373046875,0.7414634146341463,0.7287644787644788,0.7325483087685842,0.007590400554904347
0.3722678184509277,0.014097158652930725,0.0964691162109375,0.02621683794205035,0.01,balanced,l2,liblinear,20000,2,"(1, 1)","{'clf__C': 0.01, 'clf__class_weight': 'balanced', 'clf__penalty': 'l2', 'clf__solver': 'liblinear', 'tfidf__max_features': 20000, 'tfidf__min_df': 2, 'tfidf__ngram_range': (1, 1)}",0.6776556776556777,0.6902985074626866,0.7063197026022305,0.6617647058823529,0.7061068702290076,0.688429092766391,0.017106305554807383,78,0.702247191011236,0.7081749049429658,0.7048249763481551,0.7034938621340887,0.698874296435272,0.7035230461743435,0.003052027012417811
1.5653882503509522,0.14489473662446503,0.14478836059570313,0.036470788796882765,0.01,balanced,l2,liblinear,20000,2,"(1, 2)","{'clf__C': 0.01, 'clf__class_weight': 'balanced', 'clf__penalty': 'l2', 'clf__solver': 'liblinear', 'tfidf__max_features': 20000, 'tfidf__min_df': 2, 'tfidf__ngram_range': (1, 2)}",0.6985294117647058,0.6981132075471698,0.6976744186046512,0.6730769230769231,0.7088122605363985,0.6952412443059697,0.011835625647461016,71,0.745829244357213,0.751765893037336,0.752741774675972,0.7562189054726368,0.7536945812807881,0.7520500797647893,0.0034450396262715108
0.3640815258026123,0.06207363708087523,0.08734602928161621,0.03067163266530504,0.01,balanced,l2,liblinear,20000,3,"(1, 1)","{'clf__C': 0.01, 'clf__class_weight': 'balanced', 'clf__penalty': 'l2', 'clf__solver': 'liblinear', 'tfidf__max_features': 20000, 'tfidf__min_df': 3, 'tfidf__ngram_range': (1, 1)}",0.6751824817518248,0.6851851851851852,0.7037037037037037,0.6666666666666666,0.7088122605363985,0.6879100595687557,0.016168111329638357,81,0.7009345794392523,0.706831119544592,0.696798493408663,0.7008466603951082,0.6962616822429907,0.7003345070061212,0.0037926153563589723
1.5523816108703614,0.23064062200622085,0.1366978645324707,0.05294529164311087,0.01,balanced,l2,liblinear,20000,3,"(1, 2)","{'clf__C': 0.01, 'clf__class_weight': 'balanced', 'clf__penalty': 'l2', 'clf__solver': 'liblinear', 'tfidf__max_features': 20000, 'tfidf__min_df': 3, 'tfidf__ngram_range': (1, 2)}",0.7011070110701108,0.7007575757575758,0.6976744186046512,0.6730769230769231,0.7142857142857143,0.697380328558995,0.013430026319624975,70,0.7309941520467836,0.7435129740518962,0.7475247524752475,0.7480314960629921,0.7436399217221135,0.7427406592718067,0.006168728828401608
0.3411154270172119,0.0515935677819705,0.09579849243164062,0.027151131230057114,0.01,balanced,l2,liblinear,20000,5,"(1, 1)","{'clf__C': 0.01, 'clf__class_weight': 'balanced', 'clf__penalty': 'l2', 'clf__solver': 'liblinear', 'tfidf__max_features': 20000, 'tfidf__min_df': 5, 'tfidf__ngram_range': (1, 1)}",0.6727272727272727,0.6801470588235294,0.6985294117647058,0.6666666666666666,0.7007575757575758,0.6837655971479502,0.013667548487809338,86,0.6970260223048327,0.7048249763481551,0.6933962264150944,0.700187969924812,0.6896551724137931,0.6970180734813375,0.005259774278802698
1.6357996940612793,0.20971006316641336,0.14851760864257812,0.033311577219650744,0.01,balanced,l2,liblinear,20000,5,"(1, 2)","{'clf__C': 0.01, 'clf__class_weight': 'balanced', 'clf__penalty': 'l2', 'clf__solver': 'liblinear', 'tfidf__max_features': 20000, 'tfidf__min_df': 5, 'tfidf__ngram_range': (1, 2)}",0.6877323420074349,0.7007575757575758,0.6896551724137931,0.6756756756756757,0.7061068702290076,0.6919855272166975,0.010638538990826958,72,0.7197696737044146,0.7354392892398816,0.7373046875,0.7414634146341463,0.7287644787644788,0.7325483087685842,0.007590400554904347
0.38500337600708007,0.035756037308312456,0.09086389541625976,0.031470189828489634,0.1,balanced,l1,liblinear,5000,2,"(1, 1)","{'clf__C': 0.1, 'clf__class_weight': 'balanced', 'clf__penalty': 'l1', 'clf__solver': 'liblinear', 'tfidf__max_features': 5000, 'tfidf__min_df': 2, 'tfidf__ngram_range': (1, 1)}",0.6463878326996197,0.6496062992125984,0.6547619047619048,0.5761316872427984,0.6226415094339622,0.6299058466701768,0.02905862397056294,135,0.616370808678501,0.6219392752203722,0.6256109481915934,0.6390243902439025,0.625,0.6255890844668739,0.007471983082156684
1.4315871238708495,0.22674810024316136,0.1646517276763916,0.055191321556297405,0.1,balanced,l1,liblinear,5000,2,"(1, 2)","{'clf__C': 0.1, 'clf__class_weight': 'balanced', 'clf__penalty': 'l1', 'clf__solver': 'liblinear', 'tfidf__max_features': 5000, 'tfidf__min_df': 2, 'tfidf__ngram_range': (1, 2)}",0.6227106227106227,0.6130268199233716,0.64453125,0.5691056910569106,0.6111111111111112,0.6120970989604031,0.024554912936877935,151,0.607976653696498,0.616504854368932,0.626204238921002,0.6267942583732058,0.6086956521739131,0.6172351315067102,0.00813630404537937
0.2669708728790283,0.04481088368705583,0.06292591094970704,0.021402480655674957,0.1,balanced,l1,liblinear,5000,3,"(1, 1)","{'clf__C': 0.1, 'clf__class_weight': 'balanced', 'clf__penalty': 'l1', 'clf__solver': 'liblinear', 'tfidf__max_features': 5000, 'tfidf__min_df': 3, 'tfidf__ngram_range': (1, 1)}",0.6463878326996197,0.6496062992125984,0.6573705179282868,0.5578512396694215,0.6203007518796992,0.6263033282779251,0.036423358997494465,136,0.6175889328063241,0.6262230919765166,0.6201171875,0.6402737047898338,0.624380574826561,0.6257166983798471,0.007891301433305659
1.2958833217620849,0.23257990719269284,0.1681605815887451,0.03351212282600007,0.1,balanced,l1,liblinear,5000,3,"(1, 2)","{'clf__C': 0.1, 'clf__class_weight': 'balanced', 'clf__penalty': 'l1', 'clf__solver': 'liblinear', 'tfidf__max_features': 5000, 'tfidf__min_df': 3, 'tfidf__ngram_range': (1, 2)}",0.6204379562043796,0.6130268199233716,0.64453125,0.5691056910569106,0.6111111111111112,0.6116425656591546,0.02437461284716734,152,0.607976653696498,0.616504854368932,0.626204238921002,0.6267942583732058,0.6086956521739131,0.6172351315067102,0.00813630404537937
0.3408815860748291,0.05274272961395031,0.095908784866333,0.011457533425415445,0.1,balanced,l1,liblinear,5000,5,"(1, 1)","{'clf__C': 0.1, 'clf__class_weight': 'balanced', 'clf__penalty': 'l1', 'clf__solver': 'liblinear', 'tfidf__max_features': 5000, 'tfidf__min_df': 5, 'tfidf__ngram_range': (1, 1)}",0.6439393939393939,0.6470588235294118,0.6573705179282868,0.5578512396694215,0.6179775280898876,0.6248395006312804,0.03592014781334791,141,0.6157635467980296,0.6225490196078431,0.6195121951219512,0.6457925636007827,0.6225296442687747,0.6252293938794763,0.010579278101894764
1.6671619415283203,0.20099976778861034,0.1288898468017578,0.02835445932775823,0.1,balanced,l1,liblinear,5000,5,"(1, 2)","{'clf__C': 0.1, 'clf__class_weight': 'balanced', 'clf__penalty': 'l1', 'clf__solver': 'liblinear', 'tfidf__max_features': 5000, 'tfidf__min_df': 5, 'tfidf__ngram_range': (1, 2)}",0.6204379562043796,0.6130268199233716,0.64453125,0.5691056910569106,0.6111111111111112,0.6116425656591546,0.02437461284716734,152,0.6067961165048543,0.616504854368932,0.625,0.625,0.6075216972034716,0.6161645336154515,0.007983891420636909
0.3943202495574951,0.08658587671975188,0.10598278045654297,0.028666261652231847,0.1,balanced,l1,liblinear,10000,2,"(1, 1)","{'clf__C': 0.1, 'clf__class_weight': 'balanced', 'clf__penalty': 'l1', 'clf__solver': 'liblinear', 'tfidf__max_features': 10000, 'tfidf__min_df': 2, 'tfidf__ngram_range': (1, 1)}",0.6463878326996197,0.6470588235294118,0.6547619047619048,0.5578512396694215,0.6226415094339622,0.625740262018864,0.03561342614954658,139,0.6181998021760633,0.6225490196078431,0.6256109481915934,0.6384015594541911,0.624380574826561,0.6258283808512504,0.006770194416652139
1.5092532157897949,0.09721504060224818,0.17352681159973143,0.040041222912579215,0.1,balanced,l1,liblinear,10000,2,"(1, 2)","{'clf__C': 0.1, 'clf__class_weight': 'balanced', 'clf__penalty': 'l1', 'clf__solver': 'liblinear', 'tfidf__max_features': 10000, 'tfidf__min_df': 2, 'tfidf__ngram_range': (1, 2)}",0.6137184115523465,0.6156716417910447,0.6346153846153846,0.5823293172690763,0.6,0.6092669510455704,0.017406269811704903,154,0.6038647342995169,0.6123432979749277,0.6255969436485196,0.6244041944709247,0.6040268456375839,0.6140472032062945,0.009462106575368744
0.31704201698303225,0.03161998288736987,0.08721284866333008,0.012248520943951114,0.1,balanced,l1,liblinear,10000,3,"(1, 1)","{'clf__C': 0.1, 'clf__class_weight': 'balanced', 'clf__penalty': 'l1', 'clf__solver': 'liblinear', 'tfidf__max_features': 10000, 'tfidf__min_df': 3, 'tfidf__ngram_range': (1, 1)}",0.6463878326996197,0.6496062992125984,0.6573705179282868,0.5578512396694215,0.6203007518796992,0.6263033282779251,0.036423358997494465,136,0.6175889328063241,0.6262230919765166,0.6201171875,0.6402737047898338,0.624380574826561,0.6257166983798471,0.007891301433305659
1.5674446105957032,0.305288756706408,0.185294771194458,0.03316725122959238,0.1,balanced,l1,liblinear,10000,3,"(1, 2)","{'clf__C': 0.1, 'clf__class_weight': 'balanced', 'clf__penalty': 'l1', 'clf__solver': 'liblinear', 'tfidf__max_features': 10000, 'tfidf__min_df': 3, 'tfidf__ngram_range': (1, 2)}",0.6137184115523465,0.6156716417910447,0.6346153846153846,0.5622489959839357,0.6,0.6052508867885423,0.02416319212317709,159,0.6038647342995169,0.6111645813282002,0.6226053639846744,0.625,0.6017191977077364,0.6128707754640257,0.009489550714875217
0.3656879425048828,0.08220570430742948,0.10143218040466309,0.014369061360378597,0.1,balanced,l1,liblinear,10000,5,"(1, 1)","{'clf__C': 0.1, 'clf__class_weight': 'balanced', 'clf__penalty': 'l1', 'clf__solver': 'liblinear', 'tfidf__max_features': 10000, 'tfidf__min_df': 5, 'tfidf__ngram_range': (1, 1)}",0.6439393939393939,0.6470588235294118,0.6573705179282868,0.5578512396694215,0.6179775280898876,0.6248395006312804,0.03592014781334791,141,0.6157635467980296,0.6225490196078431,0.6195121951219512,0.6457925636007827,0.6225296442687747,0.6252293938794763,0.010579278101894764
1.515736961364746,0.14412992099472172,0.16643719673156737,0.04346489575539492,0.1,balanced,l1,liblinear,10000,5,"(1, 2)","{'clf__C': 0.1, 'clf__class_weight': 'balanced', 'clf__penalty': 'l1', 'clf__solver': 'liblinear', 'tfidf__max_features': 10000, 'tfidf__min_df': 5, 'tfidf__ngram_range': (1, 2)}",0.6159420289855072,0.6130268199233716,0.6395348837209303,0.5691056910569106,0.6066176470588235,0.6088454141491086,0.022776734518530684,155,0.6062075654704171,0.6123432979749277,0.6243996157540826,0.6244041944709247,0.6046065259117083,0.614392239916412,0.008571278348138872
0.4019441604614258,0.04152453377036207,0.08289599418640137,0.015827965362011153,0.1,balanced,l1,liblinear,20000,2,"(1, 1)","{'clf__C': 0.1, 'clf__class_weight': 'balanced', 'clf__penalty': 'l1', 'clf__solver': 'liblinear', 'tfidf__max_features': 20000, 'tfidf__min_df': 2, 'tfidf__ngram_range': (1, 1)}",0.6463878326996197,0.6470588235294118,0.6547619047619048,0.5578512396694215,0.6226415094339622,0.625740262018864,0.03561342614954658,139,0.6181998021760633,0.6225490196078431,0.6256109481915934,0.6384015594541911,0.624380574826561,0.6258283808512504,0.006770194416652139
1.6188961029052735,0.3236826360724642,0.15790195465087892,0.05223097793035299,0.1,balanced,l1,liblinear,20000,2,"(1, 2)","{'clf__C': 0.1, 'clf__class_weight': 'balanced', 'clf__penalty': 'l1', 'clf__solver': 'liblinear', 'tfidf__max_features': 20000, 'tfidf__min_df': 2, 'tfidf__ngram_range': (1, 2)}",0.6140350877192983,0.6021897810218978,0.6386861313868614,0.5984555984555985,0.5809859154929577,0.6068705028153227,0.019111761462451686,157,0.6001890359168242,0.6096408317580341,0.6096451319381255,0.6132958801498127,0.6046511627906976,0.6074844085106988,0.0045681907174956364
0.3568150520324707,0.06605685557669778,0.08821806907653809,0.019839546821547822,0.1,balanced,l1,liblinear,20000,3,"(1, 1)","{'clf__C': 0.1, 'clf__class_weight': 'balanced', 'clf__penalty': 'l1', 'clf__solver': 'liblinear', 'tfidf__max_features': 20000, 'tfidf__min_df': 3, 'tfidf__ngram_range': (1, 1)}",0.6463878326996197,0.6496062992125984,0.6573705179282868,0.5578512396694215,0.6203007518796992,0.6263033282779251,0.036423358997494465,136,0.6175889328063241,0.6262230919765166,0.6201171875,0.6402737047898338,0.624380574826561,0.6257166983798471,0.007891301433305659
1.416490411758423,0.17376709795319778,0.14805159568786622,0.04794455759590148,0.1,balanced,l1,liblinear,20000,3,"(1, 2)","{'clf__C': 0.1, 'clf__class_weight': 'balanced', 'clf__penalty': 'l1', 'clf__solver': 'liblinear', 'tfidf__max_features': 20000, 'tfidf__min_df': 3, 'tfidf__ngram_range': (1, 2)}",0.6093189964157706,0.6156716417910447,0.6273764258555133,0.56,0.5956678700361011,0.601606986819686,0.023185202436369918,162,0.5992329817833174,0.6088207094918504,0.6214421252371917,0.6214421252371917,0.6018957345971564,0.6105667352693416,0.009415275255246585
0.3390751838684082,0.05396422245476676,0.07154712677001954,0.018035733210995792,0.1,balanced,l1,liblinear,20000,5,"(1, 1)","{'clf__C': 0.1, 'clf__class_weight': 'balanced', 'clf__penalty': 'l1', 'clf__solver': 'liblinear', 'tfidf__max_features': 20000, 'tfidf__min_df': 5, 'tfidf__ngram_range': (1, 1)}",0.6439393939393939,0.6470588235294118,0.6573705179282868,0.5578512396694215,0.6179775280898876,0.6248395006312804,0.03592014781334791,141,0.6157635467980296,0.6225490196078431,0.6195121951219512,0.6457925636007827,0.6225296442687747,0.6252293938794763,0.010579278101894764
1.4408265590667724,0.13413217918474987,0.19160752296447753,0.022528171910925734,0.1,balanced,l1,liblinear,20000,5,"(1, 2)","{'clf__C': 0.1, 'clf__class_weight': 'balanced', 'clf__penalty': 'l1', 'clf__solver': 'liblinear', 'tfidf__max_features': 20000, 'tfidf__min_df': 5, 'tfidf__ngram_range': (1, 2)}",0.6159420289855072,0.6130268199233716,0.6395348837209303,0.5691056910569106,0.6066176470588235,0.6088454141491086,0.022776734518530684,155,0.6062075654704171,0.6123432979749277,0.6243996157540826,0.6244041944709247,0.6046065259117083,0.614392239916412,0.008571278348138872
0.38376150131225584,0.08569344041231064,0.09041047096252441,0.03036189502419719,0.1,balanced,l2,liblinear,5000,2,"(1, 1)","{'clf__C': 0.1, 'clf__class_weight': 'balanced', 'clf__penalty': 'l2', 'clf__solver': 'liblinear', 'tfidf__max_features': 5000, 'tfidf__min_df': 2, 'tfidf__ngram_range': (1, 1)}",0.7261410788381742,0.7028112449799196,0.7692307692307693,0.6991525423728814,0.7021276595744681,0.7198926589992425,0.02649835549176083,28,0.783068783068783,0.7948442534908701,0.7769556025369979,0.7875264270613108,0.7880724174653887,0.7860934967246701,0.005919377729358195
1.4855775833129883,0.14547786953446049,0.1629328727722168,0.02566867056279874,0.1,balanced,l2,liblinear,5000,2,"(1, 2)","{'clf__C': 0.1, 'clf__class_weight': 'balanced', 'clf__penalty': 'l2', 'clf__solver': 'liblinear', 'tfidf__max_features': 5000, 'tfidf__min_df': 2, 'tfidf__ngram_range': (1, 2)}",0.7261410788381742,0.6995884773662552,0.7510729613733905,0.6808510638297872,0.7456140350877193,0.7206535232990653,0.026856859709426088,27,0.7905982905982906,0.806979280261723,0.8002148227712137,0.8071505958829902,0.7984994640943194,0.8006884907217074,0.00613451177495957
0.30954527854919434,0.05485585756911206,0.07177324295043945,0.023509820325839804,0.1,balanced,l2,liblinear,5000,3,"(1, 1)","{'clf__C': 0.1, 'clf__class_weight': 'balanced', 'clf__penalty': 'l2', 'clf__solver': 'liblinear', 'tfidf__max_features': 5000, 'tfidf__min_df': 3, 'tfidf__ngram_range': (1, 1)}",0.7231404958677686,0.7056451612903226,0.7692307692307693,0.6962025316455697,0.7021276595744681,0.7192693235217797,0.026543034338660964,32,0.7781282860147214,0.7939914163090128,0.7712486883525709,0.7891949152542372,0.7863974495217854,0.7837921510904655,0.008116899365854276
1.4568405628204346,0.13153904482444895,0.15525598526000978,0.01485510463083626,0.1,balanced,l2,liblinear,5000,3,"(1, 2)","{'clf__C': 0.1, 'clf__class_weight': 'balanced', 'clf__penalty': 'l2', 'clf__solver': 'liblinear', 'tfidf__max_features': 5000, 'tfidf__min_df': 3, 'tfidf__ngram_range': (1, 2)}",0.7291666666666666,0.7024793388429752,0.7510729613733905,0.6623931623931624,0.748898678414097,0.7188021615380583,0.03317540517282855,35,0.7897545357524013,0.8078602620087336,0.8019375672766416,0.8080260303687635,0.7984994640943194,0.8012155719001719,0.006779205258854323
0.38057169914245603,0.04565800133829955,0.10454096794128417,0.0338769866291909,0.1,balanced,l2,liblinear,5000,5,"(1, 1)","{'clf__C': 0.1, 'clf__class_weight': 'balanced', 'clf__penalty': 'l2', 'clf__solver': 'liblinear', 'tfidf__max_features': 5000, 'tfidf__min_df': 5, 'tfidf__ngram_range': (1, 1)}",0.743801652892562,0.7028112449799196,0.7510729613733905,0.6991525423728814,0.7021276595744681,0.7197932122386443,0.022721461854290696,29,0.7716371220020855,0.7905982905982906,0.7720588235294118,0.7883597883597884,0.781414994720169,0.780813803841949,0.007923391493086093
1.5002978801727296,0.2012352395651304,0.16061134338378907,0.022417154425163604,0.1,balanced,l2,liblinear,5000,5,"(1, 2)","{'clf__C': 0.1, 'clf__class_weight': 'balanced', 'clf__penalty': 'l2', 'clf__solver': 'liblinear', 'tfidf__max_features': 5000, 'tfidf__min_df': 5, 'tfidf__ngram_range': (1, 2)}",0.7291666666666666,0.6967213114754098,0.7543103448275862,0.6681034482758621,0.74235807860262,0.718131969969629,0.03155570616568658,36,0.7905982905982906,0.806979280261723,0.8045356371490281,0.8071505958829902,0.7984994640943194,0.8015526535972702,0.006308778970831109
0.32415771484375,0.10629516764111653,0.08724398612976074,0.031971114389062055,0.1,balanced,l2,liblinear,10000,2,"(1, 1)","{'clf__C': 0.1, 'clf__class_weight': 'balanced', 'clf__penalty': 'l2', 'clf__solver': 'liblinear', 'tfidf__max_features': 10000, 'tfidf__min_df': 2, 'tfidf__ngram_range': (1, 1)}",0.7083333333333334,0.7028112449799196,0.7692307692307693,0.6962025316455697,0.6808510638297872,0.7114857886038759,0.030304233282347735,48,0.7838983050847458,0.7948442534908701,0.7769556025369979,0.7900318133616119,0.7872340425531915,0.7865928034054834,0.00600766789053002
1.3909759998321534,0.10520018542424857,0.17311782836914064,0.037600251072617046,0.1,balanced,l2,liblinear,10000,2,"(1, 2)","{'clf__C': 0.1, 'clf__class_weight': 'balanced', 'clf__penalty': 'l2', 'clf__solver': 'liblinear', 'tfidf__max_features': 10000, 'tfidf__min_df': 2, 'tfidf__ngram_range': (1, 2)}",0.7322175732217573,0.7024793388429752,0.7510729613733905,0.6866952789699571,0.7608695652173914,0.7266669435250943,0.028210128377708966,19,0.8108108108108109,0.8158765159867696,0.8133187772925764,0.8278508771929824,0.8152173913043478,0.8166148745174974,0.005887228570420016
0.3200357437133789,0.06678452791951128,0.08093643188476562,0.018029671031734015,0.1,balanced,l2,liblinear,10000,3,"(1, 1)","{'clf__C': 0.1, 'clf__class_weight': 'balanced', 'clf__penalty': 'l2', 'clf__solver': 'liblinear', 'tfidf__max_features': 10000, 'tfidf__min_df': 3, 'tfidf__ngram_range': (1, 1)}",0.7231404958677686,0.7056451612903226,0.7692307692307693,0.6962025316455697,0.7021276595744681,0.7192693235217797,0.026543034338660964,32,0.7781282860147214,0.7939914163090128,0.7712486883525709,0.7891949152542372,0.7863974495217854,0.7837921510904655,0.008116899365854276
1.4835490226745605,0.1926031573258956,0.16317219734191896,0.025206279376137775,0.1,balanced,l2,liblinear,10000,3,"(1, 2)","{'clf__C': 0.1, 'clf__class_weight': 'balanced', 'clf__penalty': 'l2', 'clf__solver': 'liblinear', 'tfidf__max_features': 10000, 'tfidf__min_df': 3, 'tfidf__ngram_range': (1, 2)}",0.7352941176470589,0.7053941908713693,0.7510729613733905,0.6866952789699571,0.7268722466960352,0.7210657591115622,0.02264297519557467,26,0.8064516129032258,0.8131868131868132,0.8142076502732241,0.8241758241758241,0.8143322475570033,0.8144708296192181,0.005660952616594051
0.3271188735961914,0.0498608092147569,0.055865907669067384,0.014872585749119191,0.1,balanced,l2,liblinear,10000,5,"(1, 1)","{'clf__C': 0.1, 'clf__class_weight': 'balanced', 'clf__penalty': 'l2', 'clf__solver': 'liblinear', 'tfidf__max_features': 10000, 'tfidf__min_df': 5, 'tfidf__ngram_range': (1, 1)}",0.743801652892562,0.7028112449799196,0.7510729613733905,0.6991525423728814,0.7021276595744681,0.7197932122386443,0.022721461854290696,29,0.7716371220020855,0.7905982905982906,0.7720588235294118,0.7883597883597884,0.781414994720169,0.780813803841949,0.007923391493086093
1.655602264404297,0.18912177793102108,0.17282509803771973,0.02865245792280035,0.1,balanced,l2,liblinear,10000,5,"(1, 2)","{'clf__C': 0.1, 'clf__class_weight': 'balanced', 'clf__penalty': 'l2', 'clf__solver': 'liblinear', 'tfidf__max_features': 10000, 'tfidf__min_df': 5, 'tfidf__ngram_range': (1, 2)}",0.7352941176470589,0.7053941908713693,0.7543103448275862,0.6681034482758621,0.7456140350877193,0.7217432273419192,0.03149151035944418,24,0.797644539614561,0.8114035087719298,0.8062770562770563,0.8106637649619152,0.8010752688172043,0.8054128276885333,0.005354777487583227
0.30531997680664064,0.07933349790434768,0.09540853500366211,0.030155382322568775,0.1,balanced,l2,liblinear,20000,2,"(1, 1)","{'clf__C': 0.1, 'clf__class_weight': 'balanced', 'clf__penalty': 'l2', 'clf__solver': 'liblinear', 'tfidf__max_features': 20000, 'tfidf__min_df': 2, 'tfidf__ngram_range': (1, 1)}",0.7083333333333334,0.7028112449799196,0.7692307692307693,0.6962025316455697,0.6808510638297872,0.7114857886038759,0.030304233282347735,48,0.7838983050847458,0.7948442534908701,0.7769556025369979,0.7900318133616119,0.7872340425531915,0.7865928034054834,0.00600766789053002
1.4128082275390625,0.2537146613652152,0.15744123458862305,0.05009198628670415,0.1,balanced,l2,liblinear,20000,2,"(1, 2)","{'clf__C': 0.1, 'clf__class_weight': 'balanced', 'clf__penalty': 'l2', 'clf__solver': 'liblinear', 'tfidf__max_features': 20000, 'tfidf__min_df': 2, 'tfidf__ngram_range': (1, 2)}",0.7322175732217573,0.6995884773662552,0.7543103448275862,0.6768558951965066,0.748898678414097,0.7223741938052404,0.029703408983134432,23,0.823271130625686,0.830546265328874,0.8361018826135105,0.8351769911504425,0.8314977973568282,0.8313188134150682,0.004542187809200186
0.3879095554351807,0.01402254831121305,0.08511066436767578,0.020848643615071813,0.1,balanced,l2,liblinear,20000,3,"(1, 1)","{'clf__C': 0.1, 'clf__class_weight': 'balanced', 'clf__penalty': 'l2', 'clf__solver': 'liblinear', 'tfidf__max_features': 20000, 'tfidf__min_df': 3, 'tfidf__ngram_range': (1, 1)}",0.7231404958677686,0.7056451612903226,0.7692307692307693,0.6962025316455697,0.7021276595744681,0.7192693235217797,0.026543034338660964,32,0.7781282860147214,0.7939914163090128,0.7712486883525709,0.7891949152542372,0.7863974495217854,0.7837921510904655,0.008116899365854276
1.4260919094085693,0.28854835936133505,0.17890238761901855,0.07566189952766485,0.1,balanced,l2,liblinear,20000,3,"(1, 2)","{'clf__C': 0.1, 'clf__class_weight': 'balanced', 'clf__penalty': 'l2', 'clf__solver': 'liblinear', 'tfidf__max_features': 20000, 'tfidf__min_df': 3, 'tfidf__ngram_range': (1, 2)}",0.7322175732217573,0.7053941908713693,0.7543103448275862,0.6926406926406926,0.7300884955752213,0.7229302594273254,0.021666452679264443,22,0.8116883116883117,0.8185840707964602,0.8168859649122807,0.8241758241758241,0.8152173913043478,0.817310312575445,0.004121286059028573
0.39943809509277345,0.07335313343192501,0.10242190361022949,0.030156551452886864,0.1,balanced,l2,liblinear,20000,5,"(1, 1)","{'clf__C': 0.1, 'clf__class_weight': 'balanced', 'clf__penalty': 'l2', 'clf__solver': 'liblinear', 'tfidf__max_features': 20000, 'tfidf__min_df': 5, 'tfidf__ngram_range': (1, 1)}",0.743801652892562,0.7028112449799196,0.7510729613733905,0.6991525423728814,0.7021276595744681,0.7197932122386443,0.022721461854290696,29,0.7716371220020855,0.7905982905982906,0.7720588235294118,0.7883597883597884,0.781414994720169,0.780813803841949,0.007923391493086093
1.5316756248474122,0.13582245482237087,0.22944269180297852,0.02861358917163725,0.1,balanced,l2,liblinear,20000,5,"(1, 2)","{'clf__C': 0.1, 'clf__class_weight': 'balanced', 'clf__penalty': 'l2', 'clf__solver': 'liblinear', 'tfidf__max_features': 20000, 'tfidf__min_df': 5, 'tfidf__ngram_range': (1, 2)}",0.7352941176470589,0.7053941908713693,0.7543103448275862,0.6681034482758621,0.7456140350877193,0.7217432273419192,0.03149151035944418,24,0.797644539614561,0.8114035087719298,0.8062770562770563,0.8106637649619152,0.8010752688172043,0.8054128276885333,0.005354777487583227
0.3436420440673828,0.08471326130472286,0.10696578025817871,0.013681495594086527,1.0,balanced,l1,liblinear,5000,2,"(1, 1)","{'clf__C': 1, 'clf__class_weight': 'balanced', 'clf__penalty': 'l1', 'clf__solver': 'liblinear', 'tfidf__max_features': 5000, 'tfidf__min_df': 2, 'tfidf__ngram_range': (1, 1)}",0.7725321888412017,0.6458333333333334,0.7709251101321586,0.6444444444444445,0.7333333333333333,0.7134136820168944,0.05748602261607268,43,0.8054054054054054,0.8120133481646273,0.8150984682713348,0.8205689277899344,0.8241758241758241,0.8154523947614253,0.006560052310083144
1.5365390300750732,0.1764429759875076,0.19479818344116212,0.051132368752886674,1.0,balanced,l1,liblinear,5000,2,"(1, 2)","{'clf__C': 1, 'clf__class_weight': 'balanced', 'clf__penalty': 'l1', 'clf__solver': 'liblinear', 'tfidf__max_features': 5000, 'tfidf__min_df': 2, 'tfidf__ngram_range': (1, 2)}",0.7489878542510121,0.6326530612244898,0.7048458149779736,0.611353711790393,0.7142857142857143,0.6824252313059167,0.05191682872073866,93,0.7753164556962026,0.7871878393051032,0.7857911733046287,0.79004329004329,0.7974137931034483,0.7871505102905345,0.007149785835030485
0.42675094604492186,0.0427131885734043,0.11623764038085938,0.03950680828015196,1.0,balanced,l1,liblinear,5000,3,"(1, 1)","{'clf__C': 1, 'clf__class_weight': 'balanced', 'clf__penalty': 'l1', 'clf__solver': 'liblinear', 'tfidf__max_features': 5000, 'tfidf__min_df': 3, 'tfidf__ngram_range': (1, 1)}",0.7725321888412017,0.6485355648535565,0.7522123893805309,0.625,0.7142857142857143,0.7025131714722007,0.05732912276718014,55,0.8036677454153183,0.8129175946547884,0.8205689277899344,0.8187772925764192,0.8269441401971522,0.8165751401267226,0.007852317554535755
1.6421892642974854,0.07877773232244294,0.1524045467376709,0.02252977074865299,1.0,balanced,l1,liblinear,5000,3,"(1, 2)","{'clf__C': 1, 'clf__class_weight': 'balanced', 'clf__penalty': 'l1', 'clf__solver': 'liblinear', 'tfidf__max_features': 5000, 'tfidf__min_df': 3, 'tfidf__ngram_range': (1, 2)}",0.7459677419354839,0.6352459016393442,0.7048458149779736,0.6140350877192983,0.7142857142857143,0.6828760521115629,0.04991494424639124,92,0.7781282860147214,0.7863340563991323,0.7894736842105263,0.7928802588996764,0.7886266094420601,0.7870885789932233,0.004948817541666939
0.33524131774902344,0.04537769291304181,0.0809173583984375,0.02260144708644989,1.0,balanced,l1,liblinear,5000,5,"(1, 1)","{'clf__C': 1, 'clf__class_weight': 'balanced', 'clf__penalty': 'l1', 'clf__solver': 'liblinear', 'tfidf__max_features': 5000, 'tfidf__min_df': 5, 'tfidf__ngram_range': (1, 1)}",0.7692307692307693,0.6512605042016807,0.7777777777777778,0.6306306306306306,0.7333333333333333,0.7124466030348383,0.060607675186049946,44,0.7991360691144709,0.8130530973451328,0.8133187772925764,0.8233369683751364,0.8223684210526315,0.8142426666359895,0.008708755872752449
1.5528622627258302,0.1675512919978702,0.16372981071472167,0.06810589502022588,1.0,balanced,l1,liblinear,5000,5,"(1, 2)","{'clf__C': 1, 'clf__class_weight': 'balanced', 'clf__penalty': 'l1', 'clf__solver': 'liblinear', 'tfidf__max_features': 5000, 'tfidf__min_df': 5, 'tfidf__ngram_range': (1, 2)}",0.7459677419354839,0.6172839506172839,0.7048458149779736,0.6140350877192983,0.7142857142857143,0.6792836619071508,0.05371531346483524,98,0.7740585774058577,0.7945945945945946,0.7939914163090128,0.7911733046286329,0.7886266094420601,0.7884889004760316,0.007523515062589883
0.45447230339050293,0.07220524647671271,0.09159612655639648,0.014909780201576421,1.0,balanced,l1,liblinear,10000,2,"(1, 1)","{'clf__C': 1, 'clf__class_weight': 'balanced', 'clf__penalty': 'l1', 'clf__solver': 'liblinear', 'tfidf__max_features': 10000, 'tfidf__min_df': 2, 'tfidf__ngram_range': (1, 1)}",0.7725321888412017,0.6458333333333334,0.7743362831858407,0.6444444444444445,0.7300884955752213,0.7134469490760083,0.05798010747758534,41,0.8017334777898159,0.8111111111111111,0.8068057080131723,0.8187772925764192,0.8241758241758241,0.8125206827332685,0.008074640641870906
1.451028060913086,0.19939850359788377,0.14728078842163086,0.05341468079323403,1.0,balanced,l1,liblinear,10000,2,"(1, 2)","{'clf__C': 1, 'clf__class_weight': 'balanced', 'clf__penalty': 'l1', 'clf__solver': 'liblinear', 'tfidf__max_features': 10000, 'tfidf__min_df': 2, 'tfidf__ngram_range': (1, 2)}",0.7429718875502008,0.6024096385542169,0.7327586206896551,0.625,0.7021276595744681,0.6810535612737082,0.057058352989643096,97,0.7468879668049793,0.7741935483870968,0.7659574468085106,0.777422790202343,0.7729211087420043,0.7674765721889868,0.01095341420628582
0.3593757152557373,0.08169763013190481,0.0621675968170166,0.012714509688522986,1.0,balanced,l1,liblinear,10000,3,"(1, 1)","{'clf__C': 1, 'clf__class_weight': 'balanced', 'clf__penalty': 'l1', 'clf__solver': 'liblinear', 'tfidf__max_features': 10000, 'tfidf__min_df': 3, 'tfidf__ngram_range': (1, 1)}",0.7725321888412017,0.6485355648535565,0.7522123893805309,0.625,0.7142857142857143,0.7025131714722007,0.05732912276718014,55,0.8036677454153183,0.8129175946547884,0.8205689277899344,0.8187772925764192,0.8269441401971522,0.8165751401267226,0.007852317554535755
1.4294258117675782,0.09829528645935638,0.11522107124328614,0.010012653848840208,1.0,balanced,l1,liblinear,10000,3,"(1, 2)","{'clf__C': 1, 'clf__class_weight': 'balanced', 'clf__penalty': 'l1', 'clf__solver': 'liblinear', 'tfidf__max_features': 10000, 'tfidf__min_df': 3, 'tfidf__ngram_range': (1, 2)}",0.7429718875502008,0.6048387096774194,0.7359307359307359,0.6223175965665236,0.7051282051282052,0.682237426970617,0.05775219713210462,94,0.7409326424870466,0.7688172043010753,0.77209797657082,0.7844183564567769,0.7712765957446809,0.7675085551120799,0.01434708329665132
0.31027631759643554,0.06418926448202404,0.07424407005310059,0.022459918380391866,1.0,balanced,l1,liblinear,10000,5,"(1, 1)","{'clf__C': 1, 'clf__class_weight': 'balanced', 'clf__penalty': 'l1', 'clf__solver': 'liblinear', 'tfidf__max_features': 10000, 'tfidf__min_df': 5, 'tfidf__ngram_range': (1, 1)}",0.7692307692307693,0.6512605042016807,0.7777777777777778,0.6306306306306306,0.7333333333333333,0.7124466030348383,0.060607675186049946,44,0.7991360691144709,0.8130530973451328,0.8133187772925764,0.8233369683751364,0.8223684210526315,0.8142426666359895,0.008708755872752449
1.3429670333862305,0.0911038600963671,0.1441263198852539,0.03547540097343565,1.0,balanced,l1,liblinear,10000,5,"(1, 2)","{'clf__C': 1, 'clf__class_weight': 'balanced', 'clf__penalty': 'l1', 'clf__solver': 'liblinear', 'tfidf__max_features': 10000, 'tfidf__min_df': 5, 'tfidf__ngram_range': (1, 2)}",0.7317073170731707,0.6172839506172839,0.7391304347826086,0.6140350877192983,0.7051282051282052,0.6814569990641133,0.05490999894456878,95,0.7588357588357588,0.7820927723840345,0.786096256684492,0.786096256684492,0.7795698924731183,0.7785381874123791,0.0101600590915015
0.31998538970947266,0.07250791411311142,0.07612709999084473,0.024448686697556,1.0,balanced,l1,liblinear,20000,2,"(1, 1)","{'clf__C': 1, 'clf__class_weight': 'balanced', 'clf__penalty': 'l1', 'clf__solver': 'liblinear', 'tfidf__max_features': 20000, 'tfidf__min_df': 2, 'tfidf__ngram_range': (1, 1)}",0.7725321888412017,0.6458333333333334,0.7743362831858407,0.6444444444444445,0.7300884955752213,0.7134469490760083,0.05798010747758534,41,0.8017334777898159,0.8111111111111111,0.8068057080131723,0.8187772925764192,0.8241758241758241,0.8125206827332685,0.008074640641870906
1.4618516445159913,0.16955418461496144,0.15050802230834961,0.02756926016644907,1.0,balanced,l1,liblinear,20000,2,"(1, 2)","{'clf__C': 1, 'clf__class_weight': 'balanced', 'clf__penalty': 'l1', 'clf__solver': 'liblinear', 'tfidf__max_features': 20000, 'tfidf__min_df': 2, 'tfidf__ngram_range': (1, 2)}",0.7170542635658915,0.6175298804780877,0.7172131147540983,0.6485355648535565,0.6903765690376569,0.6781418785378582,0.03934659064882728,99,0.7357512953367875,0.7540106951871658,0.7582184517497349,0.7729211087420043,0.7631578947368421,0.7568118891505068,0.012273161454989186
0.3052482604980469,0.052156139641582396,0.0711453914642334,0.016114135054461538,1.0,balanced,l1,liblinear,20000,3,"(1, 1)","{'clf__C': 1, 'clf__class_weight': 'balanced', 'clf__penalty': 'l1', 'clf__solver': 'liblinear', 'tfidf__max_features': 20000, 'tfidf__min_df': 3, 'tfidf__ngram_range': (1, 1)}",0.7725321888412017,0.6485355648535565,0.7522123893805309,0.625,0.7142857142857143,0.7025131714722007,0.05732912276718014,55,0.8036677454153183,0.8129175946547884,0.8205689277899344,0.8187772925764192,0.8269441401971522,0.8165751401267226,0.007852317554535755
1.492763614654541,0.16780693220357415,0.16279444694519044,0.05474550879515538,1.0,balanced,l1,liblinear,20000,3,"(1, 2)","{'clf__C': 1, 'clf__class_weight': 'balanced', 'clf__penalty': 'l1', 'clf__solver': 'liblinear', 'tfidf__max_features': 20000, 'tfidf__min_df': 3, 'tfidf__ngram_range': (1, 2)}",0.7370517928286853,0.6024096385542169,0.7296137339055794,0.6437768240343348,0.7051282051282052,0.6835960388902044,0.05218348692414779,89,0.7327141382868937,0.759698275862069,0.759493670886076,0.7819148936170213,0.7696390658174098,0.760692008893894,0.01622125412281895
0.31693782806396487,0.07465210313093316,0.05761098861694336,0.016497677351211718,1.0,balanced,l1,liblinear,20000,5,"(1, 1)","{'clf__C': 1, 'clf__class_weight': 'balanced', 'clf__penalty': 'l1', 'clf__solver': 'liblinear', 'tfidf__max_features': 20000, 'tfidf__min_df': 5, 'tfidf__ngram_range': (1, 1)}",0.7692307692307693,0.6512605042016807,0.7777777777777778,0.6306306306306306,0.7333333333333333,0.7124466030348383,0.060607675186049946,44,0.7991360691144709,0.8130530973451328,0.8133187772925764,0.8233369683751364,0.8223684210526315,0.8142426666359895,0.008708755872752449
1.6410892963409425,0.14486376632842965,0.14789390563964844,0.043113257121974266,1.0,balanced,l1,liblinear,20000,5,"(1, 2)","{'clf__C': 1, 'clf__class_weight': 'balanced', 'clf__penalty': 'l1', 'clf__solver': 'liblinear', 'tfidf__max_features': 20000, 'tfidf__min_df': 5, 'tfidf__ngram_range': (1, 2)}",0.7317073170731707,0.6172839506172839,0.7391304347826086,0.6140350877192983,0.7051282051282052,0.6814569990641133,0.05490999894456878,95,0.7588357588357588,0.7820927723840345,0.786096256684492,0.786096256684492,0.7795698924731183,0.7785381874123791,0.0101600590915015
0.2862339973449707,0.044012399392892455,0.08273744583129883,0.0331546423727522,1.0,balanced,l2,liblinear,5000,2,"(1, 1)","{'clf__C': 1, 'clf__class_weight': 'balanced', 'clf__penalty': 'l2', 'clf__solver': 'liblinear', 'tfidf__max_features': 5000, 'tfidf__min_df': 2, 'tfidf__ngram_range': (1, 1)}",0.7522123893805309,0.74235807860262,0.7623318385650224,0.677570093457944,0.704225352112676,0.7277395504237586,0.031872055302493894,18,0.8803222094361335,0.8823529411764706,0.8932714617169374,0.902696365767878,0.8840413318025259,0.8885368619799892,0.008352714129973533
1.4477742195129395,0.15139981376370557,0.13576807975769042,0.043576151388714256,1.0,balanced,l2,liblinear,5000,2,"(1, 2)","{'clf__C': 1, 'clf__class_weight': 'balanced', 'clf__penalty': 'l2', 'clf__solver': 'liblinear', 'tfidf__max_features': 5000, 'tfidf__min_df': 2, 'tfidf__ngram_range': (1, 2)}",0.7929515418502202,0.7333333333333333,0.7798165137614679,0.6944444444444444,0.7345971563981043,0.747028597957514,0.03547156159967371,5,0.8984830805134189,0.8916083916083916,0.8995327102803738,0.9085580304806565,0.9043173862310385,0.9004999198227758,0.005719591003537528
0.31463913917541503,0.054596379447856516,0.1071317195892334,0.017361404113626445,1.0,balanced,l2,liblinear,5000,3,"(1, 1)","{'clf__C': 1, 'clf__class_weight': 'balanced', 'clf__penalty': 'l2', 'clf__solver': 'liblinear', 'tfidf__max_features': 5000, 'tfidf__min_df': 3, 'tfidf__ngram_range': (1, 1)}",0.7777777777777778,0.7456140350877193,0.7657657657657657,0.6744186046511628,0.7109004739336493,0.734895331443215,0.03778879780332572,13,0.8793103448275862,0.8833718244803695,0.8943089430894309,0.8984830805134189,0.8881199538638985,0.8887188293549407,0.006986539434287987
1.2341859817504883,0.2502860657308931,0.17578229904174805,0.04456615005930562,1.0,balanced,l2,liblinear,5000,3,"(1, 2)","{'clf__C': 1, 'clf__class_weight': 'balanced', 'clf__penalty': 'l2', 'clf__solver': 'liblinear', 'tfidf__max_features': 5000, 'tfidf__min_df': 3, 'tfidf__ngram_range': (1, 2)}",0.7860262008733624,0.7555555555555555,0.783410138248848,0.6976744186046512,0.7345971563981043,0.7514526939361043,0.03289270784150073,2,0.902696365767878,0.8905704307334109,0.9016393442622951,0.9117647058823529,0.9074941451990632,0.902832998369,0.007117804893182075
0.26906843185424806,0.07848202211761122,0.08916797637939453,0.018057913510907787,1.0,balanced,l2,liblinear,5000,5,"(1, 1)","{'clf__C': 1, 'clf__class_weight': 'balanced', 'clf__penalty': 'l2', 'clf__solver': 'liblinear', 'tfidf__max_features': 5000, 'tfidf__min_df': 5, 'tfidf__ngram_range': (1, 1)}",0.7777777777777778,0.7456140350877193,0.7657657657657657,0.6944444444444444,0.7109004739336493,0.7389004994018713,0.03174460307115122,10,0.8793103448275862,0.8755760368663594,0.8860759493670886,0.8984830805134189,0.8860759493670886,0.8851042721883082,0.007813292364827142
1.208130407333374,0.11162184888635929,0.17188596725463867,0.015557653899830826,1.0,balanced,l2,liblinear,5000,5,"(1, 2)","{'clf__C': 1, 'clf__class_weight': 'balanced', 'clf__penalty': 'l2', 'clf__solver': 'liblinear', 'tfidf__max_features': 5000, 'tfidf__min_df': 5, 'tfidf__ngram_range': (1, 2)}",0.7929515418502202,0.7555555555555555,0.7798165137614679,0.6976744186046512,0.7345971563981043,0.7521190372339998,0.033815635741828755,1,0.8995327102803738,0.8905704307334109,0.902696365767878,0.9096244131455399,0.9064327485380117,0.9017713336930429,0.006553273860879648
0.3374751567840576,0.048782211043350183,0.07285003662109375,0.024919428949976483,1.0,balanced,l2,liblinear,10000,2,"(1, 1)","{'clf__C': 1, 'clf__class_weight': 'balanced', 'clf__penalty': 'l2', 'clf__solver': 'liblinear', 'tfidf__max_features': 10000, 'tfidf__min_df': 2, 'tfidf__ngram_range': (1, 1)}",0.7522123893805309,0.7456140350877193,0.7657657657657657,0.677570093457944,0.704225352112676,0.7290775271609272,0.03294040414917401,16,0.8823529411764706,0.8823529411764706,0.8943089430894309,0.9016393442622951,0.8881199538638985,0.889754824713713,0.00740581341344832
1.5462659835815429,0.17293005635264874,0.16725544929504393,0.047368075376148136,1.0,balanced,l2,liblinear,10000,2,"(1, 2)","{'clf__C': 1, 'clf__class_weight': 'balanced', 'clf__penalty': 'l2', 'clf__solver': 'liblinear', 'tfidf__max_features': 10000, 'tfidf__min_df': 2, 'tfidf__ngram_range': (1, 2)}",0.78125,0.7623318385650224,0.776255707762557,0.6807511737089202,0.7345971563981043,0.7470371752869207,0.036896489846111394,4,0.9090909090909091,0.9101654846335697,0.9134045077105575,0.9160756501182034,0.9160756501182034,0.9129624403342886,0.0029117448117145883
0.33487796783447266,0.03817913320897647,0.11119399070739747,0.04275251785797329,1.0,balanced,l2,liblinear,10000,3,"(1, 1)","{'clf__C': 1, 'clf__class_weight': 'balanced', 'clf__penalty': 'l2', 'clf__solver': 'liblinear', 'tfidf__max_features': 10000, 'tfidf__min_df': 3, 'tfidf__ngram_range': (1, 1)}",0.7777777777777778,0.7456140350877193,0.7657657657657657,0.6744186046511628,0.7109004739336493,0.734895331443215,0.03778879780332572,13,0.8793103448275862,0.8833718244803695,0.8943089430894309,0.8984830805134189,0.8881199538638985,0.8887188293549407,0.006986539434287987
1.4663571834564209,0.2447649402523411,0.14436640739440917,0.03236076656147348,1.0,balanced,l2,liblinear,10000,3,"(1, 2)","{'clf__C': 1, 'clf__class_weight': 'balanced', 'clf__penalty': 'l2', 'clf__solver': 'liblinear', 'tfidf__max_features': 10000, 'tfidf__min_df': 3, 'tfidf__ngram_range': (1, 2)}",0.7777777777777778,0.7623318385650224,0.7798165137614679,0.6839622641509434,0.7345971563981043,0.7476971101306631,0.03573350615849484,3,0.9090909090909091,0.9112426035502958,0.915576694411415,0.9139150943396226,0.9149940968122786,0.9129638796409042,0.0024419698791029497
0.38733477592468263,0.08467355744693209,0.08756728172302246,0.024456502121519216,1.0,balanced,l2,liblinear,10000,5,"(1, 1)","{'clf__C': 1, 'clf__class_weight': 'balanced', 'clf__penalty': 'l2', 'clf__solver': 'liblinear', 'tfidf__max_features': 10000, 'tfidf__min_df': 5, 'tfidf__ngram_range': (1, 1)}",0.7777777777777778,0.7456140350877193,0.7657657657657657,0.6944444444444444,0.7109004739336493,0.7389004994018713,0.03174460307115122,10,0.8793103448275862,0.8755760368663594,0.8860759493670886,0.8984830805134189,0.8860759493670886,0.8851042721883082,0.007813292364827142
1.3068732738494873,0.16715596694853652,0.13566746711730956,0.03523247142246732,1.0,balanced,l2,liblinear,10000,5,"(1, 2)","{'clf__C': 1, 'clf__class_weight': 'balanced', 'clf__penalty': 'l2', 'clf__solver': 'liblinear', 'tfidf__max_features': 10000, 'tfidf__min_df': 5, 'tfidf__ngram_range': (1, 2)}",0.7709251101321586,0.7623318385650224,0.776255707762557,0.6872037914691943,0.7142857142857143,0.7422004324429293,0.03519660326249979,6,0.9048178613396005,0.9,0.9048178613396005,0.9106933019976499,0.9106933019976499,0.9062044653349002,0.004065465300337248
0.2760020732879639,0.03401302410555217,0.0804945945739746,0.03061760809796467,1.0,balanced,l2,liblinear,20000,2,"(1, 1)","{'clf__C': 1, 'clf__class_weight': 'balanced', 'clf__penalty': 'l2', 'clf__solver': 'liblinear', 'tfidf__max_features': 20000, 'tfidf__min_df': 2, 'tfidf__ngram_range': (1, 1)}",0.7522123893805309,0.7456140350877193,0.7657657657657657,0.677570093457944,0.704225352112676,0.7290775271609272,0.03294040414917401,16,0.8823529411764706,0.8823529411764706,0.8943089430894309,0.9016393442622951,0.8881199538638985,0.889754824713713,0.00740581341344832
1.4118759632110596,0.2630074405944665,0.1490324020385742,0.03870362071946473,1.0,balanced,l2,liblinear,20000,2,"(1, 2)","{'clf__C': 1, 'clf__class_weight': 'balanced', 'clf__penalty': 'l2', 'clf__solver': 'liblinear', 'tfidf__max_features': 20000, 'tfidf__min_df': 2, 'tfidf__ngram_range': (1, 2)}",0.7555555555555555,0.7589285714285714,0.7638888888888888,0.6944444444444444,0.7345971563981043,0.7414829233431129,0.025551709101617023,8,0.9270334928229665,0.9259259259259259,0.9254807692307693,0.9237187127532777,0.9274673008323424,0.9259252403130563,0.0013170036564854627
0.35239601135253906,0.0739888238910608,0.09250693321228028,0.034449761110110264,1.0,balanced,l2,liblinear,20000,3,"(1, 1)","{'clf__C': 1, 'clf__class_weight': 'balanced', 'clf__penalty': 'l2', 'clf__solver': 'liblinear', 'tfidf__max_features': 20000, 'tfidf__min_df': 3, 'tfidf__ngram_range': (1, 1)}",0.7777777777777778,0.7456140350877193,0.7657657657657657,0.6744186046511628,0.7109004739336493,0.734895331443215,0.03778879780332572,13,0.8793103448275862,0.8833718244803695,0.8943089430894309,0.8984830805134189,0.8881199538638985,0.8887188293549407,0.006986539434287987
1.4535114288330078,0.11449749286872904,0.2236954689025879,0.04605053444841659,1.0,balanced,l2,liblinear,20000,3,"(1, 2)","{'clf__C': 1, 'clf__class_weight': 'balanced', 'clf__penalty': 'l2', 'clf__solver': 'liblinear', 'tfidf__max_features': 20000, 'tfidf__min_df': 3, 'tfidf__ngram_range': (1, 2)}",0.7589285714285714,0.7589285714285714,0.7638888888888888,0.6807511737089202,0.7345971563981043,0.7394188723706112,0.031065048637488497,9,0.9123222748815166,0.9166666666666666,0.918854415274463,0.9204275534441805,0.9182464454976303,0.9173034711528913,0.0027666714547793085
0.32288360595703125,0.09977991838801349,0.067852783203125,0.04059773668594066,1.0,balanced,l2,liblinear,20000,5,"(1, 1)","{'clf__C': 1, 'clf__class_weight': 'balanced', 'clf__penalty': 'l2', 'clf__solver': 'liblinear', 'tfidf__max_features': 20000, 'tfidf__min_df': 5, 'tfidf__ngram_range': (1, 1)}",0.7777777777777778,0.7456140350877193,0.7657657657657657,0.6944444444444444,0.7109004739336493,0.7389004994018713,0.03174460307115122,10,0.8793103448275862,0.8755760368663594,0.8860759493670886,0.8984830805134189,0.8860759493670886,0.8851042721883082,0.007813292364827142
1.7664137840270997,0.24571519614644158,0.2383350372314453,0.07854910722540524,1.0,balanced,l2,liblinear,20000,5,"(1, 2)","{'clf__C': 1, 'clf__class_weight': 'balanced', 'clf__penalty': 'l2', 'clf__solver': 'liblinear', 'tfidf__max_features': 20000, 'tfidf__min_df': 5, 'tfidf__ngram_range': (1, 2)}",0.7709251101321586,0.7623318385650224,0.776255707762557,0.6872037914691943,0.7142857142857143,0.7422004324429293,0.03519660326249979,6,0.9048178613396005,0.9,0.9048178613396005,0.9106933019976499,0.9106933019976499,0.9062044653349002,0.004065465300337248
0.39963626861572266,0.03974869412505213,0.10020008087158203,0.037588896542179714,10.0,balanced,l1,liblinear,5000,2,"(1, 1)","{'clf__C': 10, 'clf__class_weight': 'balanced', 'clf__penalty': 'l1', 'clf__solver': 'liblinear', 'tfidf__max_features': 5000, 'tfidf__min_df': 2, 'tfidf__ngram_range': (1, 1)}",0.7075471698113207,0.6632653061224489,0.6666666666666666,0.6435643564356436,0.6532663316582915,0.6668619661388743,0.021890088158067002,109,0.9974259974259975,0.9910485933503836,0.9910485933503836,0.9910485933503836,0.9936305732484076,0.9928404701451112,0.0025013512628193654
1.438242769241333,0.2500766361947922,0.15731887817382811,0.03685190040454842,10.0,balanced,l1,liblinear,5000,2,"(1, 2)","{'clf__C': 10, 'clf__class_weight': 'balanced', 'clf__penalty': 'l1', 'clf__solver': 'liblinear', 'tfidf__max_features': 5000, 'tfidf__min_df': 2, 'tfidf__ngram_range': (1, 2)}",0.7246376811594203,0.7038834951456311,0.6701030927835051,0.6341463414634146,0.6829268292682927,0.6831394879640528,0.030733483692828245,91,0.9923175416133163,0.9935897435897436,0.9897828863346104,0.9948652118100129,0.9923664122137404,0.9925843591122847,0.0016840444844860836
0.48346147537231443,0.08657284854169779,0.11449756622314453,0.03853169138960916,10.0,balanced,l1,liblinear,5000,3,"(1, 1)","{'clf__C': 10, 'clf__class_weight': 'balanced', 'clf__penalty': 'l1', 'clf__solver': 'liblinear', 'tfidf__max_features': 5000, 'tfidf__min_df': 3, 'tfidf__ngram_range': (1, 1)}",0.6872037914691943,0.6632653061224489,0.6443298969072165,0.6532663316582915,0.6965174129353234,0.6689165478184949,0.019887685823839298,105,0.9961439588688946,0.9923175416133163,0.9910485933503836,0.9910485933503836,0.9948979591836735,0.9930913292733303,0.0020749335664182263
1.3307201862335205,0.23165910717227522,0.1607980728149414,0.03706189401763875,10.0,balanced,l1,liblinear,5000,3,"(1, 2)","{'clf__C': 10, 'clf__class_weight': 'balanced', 'clf__penalty': 'l1', 'clf__solver': 'liblinear', 'tfidf__max_features': 5000, 'tfidf__min_df': 3, 'tfidf__ngram_range': (1, 2)}",0.7142857142857143,0.7178217821782178,0.6735751295336787,0.6521739130434783,0.7389162561576355,0.699354559039745,0.031685005755266525,63,0.9923175416133163,0.9923175416133163,0.9897828863346104,0.9948652118100129,0.9923664122137404,0.9923299187169994,0.0016072786432423834
0.3730955123901367,0.05051152254108406,0.08332438468933105,0.0420594490387001,10.0,balanced,l1,liblinear,5000,5,"(1, 1)","{'clf__C': 10, 'clf__class_weight': 'balanced', 'clf__penalty': 'l1', 'clf__solver': 'liblinear', 'tfidf__max_features': 5000, 'tfidf__min_df': 5, 'tfidf__ngram_range': (1, 1)}",0.6872037914691943,0.6852791878172588,0.6217616580310881,0.6188118811881188,0.6716417910447762,0.6569396619100872,0.030418476251778702,115,0.9948652118100129,0.9935897435897436,0.9910485933503836,0.9935897435897436,0.9948979591836735,0.9935982503047114,0.0013996663844730779
1.632215642929077,0.21491872079623364,0.15175795555114746,0.03960351452013532,10.0,balanced,l1,liblinear,5000,5,"(1, 2)","{'clf__C': 10, 'clf__class_weight': 'balanced', 'clf__penalty': 'l1', 'clf__solver': 'liblinear', 'tfidf__max_features': 5000, 'tfidf__min_df': 5, 'tfidf__ngram_range': (1, 2)}",0.7416267942583732,0.7389162561576355,0.6510416666666666,0.6310679611650486,0.6862745098039216,0.6897854376103292,0.04486092293151559,77,0.9935897435897436,0.9923175416133163,0.9885204081632653,0.9948652118100129,0.9911054637865311,0.9920796737925738,0.0021777773483493915
0.42371091842651365,0.09692664128272459,0.10831809043884277,0.02711488330336971,10.0,balanced,l1,liblinear,10000,2,"(1, 1)","{'clf__C': 10, 'clf__class_weight': 'balanced', 'clf__penalty': 'l1', 'clf__solver': 'liblinear', 'tfidf__max_features': 10000, 'tfidf__min_df': 2, 'tfidf__ngram_range': (1, 1)}",0.7109004739336493,0.6598984771573604,0.6666666666666666,0.6617647058823529,0.6716417910447762,0.6741744229369611,0.018811630209018743,101,0.9974259974259975,0.9910485933503836,0.9910485933503836,0.9897828863346104,0.9936305732484076,0.9925873287419567,0.0027240185080442477
1.6682260990142823,0.30242841810329224,0.13838353157043456,0.03970714371642584,10.0,balanced,l1,liblinear,10000,2,"(1, 2)","{'clf__C': 10, 'clf__class_weight': 'balanced', 'clf__penalty': 'l1', 'clf__solver': 'liblinear', 'tfidf__max_features': 10000, 'tfidf__min_df': 2, 'tfidf__ngram_range': (1, 2)}",0.7619047619047619,0.6971153846153846,0.6345177664974619,0.6220095693779905,0.7004830917874396,0.6832061148366078,0.05059844110001585,90,0.9897828863346104,0.9885204081632653,0.9860050890585241,0.9910485933503836,0.9911054637865311,0.989292488138663,0.0018981241690411964
0.5677218914031983,0.15814544395269503,0.11751379966735839,0.0393348608806084,10.0,balanced,l1,liblinear,10000,3,"(1, 1)","{'clf__C': 10, 'clf__class_weight': 'balanced', 'clf__penalty': 'l1', 'clf__solver': 'liblinear', 'tfidf__max_features': 10000, 'tfidf__min_df': 3, 'tfidf__ngram_range': (1, 1)}",0.6872037914691943,0.6632653061224489,0.6443298969072165,0.6532663316582915,0.6965174129353234,0.6689165478184949,0.019887685823839298,105,0.9961439588688946,0.9923175416133163,0.9910485933503836,0.9910485933503836,0.9948979591836735,0.9930913292733303,0.0020749335664182263
1.5156344413757323,0.17627919984575283,0.13362517356872558,0.035285193460196144,10.0,balanced,l1,liblinear,10000,3,"(1, 2)","{'clf__C': 10, 'clf__class_weight': 'balanced', 'clf__penalty': 'l1', 'clf__solver': 'liblinear', 'tfidf__max_features': 10000, 'tfidf__min_df': 3, 'tfidf__ngram_range': (1, 2)}",0.7819905213270142,0.7004830917874396,0.6410256410256411,0.645933014354067,0.7246376811594203,0.6988139899307165,0.05239060059193018,64,0.9923175416133163,0.9860050890585241,0.9847522236340533,0.9910485933503836,0.9860935524652339,0.9880434000243022,0.003036047838180807
0.38306655883789065,0.08581620760441985,0.08603706359863281,0.027895422048960526,10.0,balanced,l1,liblinear,10000,5,"(1, 1)","{'clf__C': 10, 'clf__class_weight': 'balanced', 'clf__penalty': 'l1', 'clf__solver': 'liblinear', 'tfidf__max_features': 10000, 'tfidf__min_df': 5, 'tfidf__ngram_range': (1, 1)}",0.6872037914691943,0.6852791878172588,0.6217616580310881,0.6188118811881188,0.6716417910447762,0.6569396619100872,0.030418476251778702,115,0.9948652118100129,0.9935897435897436,0.9910485933503836,0.9935897435897436,0.9948979591836735,0.9935982503047114,0.0013996663844730779
1.4689361572265625,0.1999856725251358,0.13439688682556153,0.03810916356931186,10.0,balanced,l1,liblinear,10000,5,"(1, 2)","{'clf__C': 10, 'clf__class_weight': 'balanced', 'clf__penalty': 'l1', 'clf__solver': 'liblinear', 'tfidf__max_features': 10000, 'tfidf__min_df': 5, 'tfidf__ngram_range': (1, 2)}",0.7352941176470589,0.6896551724137931,0.6544502617801047,0.6521739130434783,0.7281553398058253,0.691945760938052,0.03516581513058668,74,0.9923175416133163,0.9910485933503836,0.9860050890585241,0.9935897435897436,0.9911054637865311,0.9908132862796997,0.002578022379031758
0.5304637432098389,0.11207768950297607,0.07387318611145019,0.006692436597706106,10.0,balanced,l1,liblinear,20000,2,"(1, 1)","{'clf__C': 10, 'clf__class_weight': 'balanced', 'clf__penalty': 'l1', 'clf__solver': 'liblinear', 'tfidf__max_features': 20000, 'tfidf__min_df': 2, 'tfidf__ngram_range': (1, 1)}",0.7109004739336493,0.6598984771573604,0.6666666666666666,0.6617647058823529,0.6716417910447762,0.6741744229369611,0.018811630209018743,101,0.9974259974259975,0.9910485933503836,0.9910485933503836,0.9897828863346104,0.9936305732484076,0.9925873287419567,0.0027240185080442477
1.5117743492126465,0.17281318204921914,0.16729416847229003,0.02357921872186752,10.0,balanced,l1,liblinear,20000,2,"(1, 2)","{'clf__C': 10, 'clf__class_weight': 'balanced', 'clf__penalty': 'l1', 'clf__solver': 'liblinear', 'tfidf__max_features': 20000, 'tfidf__min_df': 2, 'tfidf__ngram_range': (1, 2)}",0.783410138248848,0.7142857142857143,0.6313131313131313,0.6398104265402843,0.7380952380952381,0.7013829296966432,0.058212864852055256,61,0.9847522236340533,0.983502538071066,0.982256020278834,0.9860050890585241,0.9873417721518988,0.9847715286388754,0.001792557674330252
0.4186408042907715,0.08631057715440507,0.07561368942260742,0.02951286817570078,10.0,balanced,l1,liblinear,20000,3,"(1, 1)","{'clf__C': 10, 'clf__class_weight': 'balanced', 'clf__penalty': 'l1', 'clf__solver': 'liblinear', 'tfidf__max_features': 20000, 'tfidf__min_df': 3, 'tfidf__ngram_range': (1, 1)}",0.6872037914691943,0.6632653061224489,0.6443298969072165,0.6532663316582915,0.6965174129353234,0.6689165478184949,0.019887685823839298,105,0.9961439588688946,0.9923175416133163,0.9910485933503836,0.9910485933503836,0.9948979591836735,0.9930913292733303,0.0020749335664182263
1.4749116897583008,0.24384575135428563,0.1380089282989502,0.039377125651263035,10.0,balanced,l1,liblinear,20000,3,"(1, 2)","{'clf__C': 10, 'clf__class_weight': 'balanced', 'clf__penalty': 'l1', 'clf__solver': 'liblinear', 'tfidf__max_features': 20000, 'tfidf__min_df': 3, 'tfidf__ngram_range': (1, 2)}",0.794392523364486,0.69377990430622,0.6377551020408163,0.6635071090047393,0.7246376811594203,0.7028144639751365,0.054262704997581034,54,0.9872611464968153,0.9860050890585241,0.9847522236340533,0.9897828863346104,0.9848484848484849,0.9865299660744977,0.0018643689660858631
0.3452038288116455,0.04165999847626066,0.06906399726867676,0.021581789265543033,10.0,balanced,l1,liblinear,20000,5,"(1, 1)","{'clf__C': 10, 'clf__class_weight': 'balanced', 'clf__penalty': 'l1', 'clf__solver': 'liblinear', 'tfidf__max_features': 20000, 'tfidf__min_df': 5, 'tfidf__ngram_range': (1, 1)}",0.6872037914691943,0.6852791878172588,0.6217616580310881,0.6188118811881188,0.6716417910447762,0.6569396619100872,0.030418476251778702,115,0.9948652118100129,0.9935897435897436,0.9910485933503836,0.9935897435897436,0.9948979591836735,0.9935982503047114,0.0013996663844730779
1.1340074062347412,0.2725590853262044,0.11279835700988769,0.032951044566531605,10.0,balanced,l1,liblinear,20000,5,"(1, 2)","{'clf__C': 10, 'clf__class_weight': 'balanced', 'clf__penalty': 'l1', 'clf__solver': 'liblinear', 'tfidf__max_features': 20000, 'tfidf__min_df': 5, 'tfidf__ngram_range': (1, 2)}",0.7352941176470589,0.6896551724137931,0.6544502617801047,0.6521739130434783,0.7281553398058253,0.691945760938052,0.03516581513058668,74,0.9923175416133163,0.9910485933503836,0.9860050890585241,0.9935897435897436,0.9911054637865311,0.9908132862796997,0.002578022379031758
0.25026960372924806,0.06207486528253775,0.07869400978088378,0.03871621642002497,10.0,balanced,l2,liblinear,5000,2,"(1, 1)","{'clf__C': 10, 'clf__class_weight': 'balanced', 'clf__penalty': 'l2', 'clf__solver': 'liblinear', 'tfidf__max_features': 5000, 'tfidf__min_df': 2, 'tfidf__ngram_range': (1, 1)}",0.7598039215686274,0.7537688442211056,0.7178217821782178,0.6313131313131313,0.6410256410256411,0.7007466640613447,0.05473259901413247,62,0.9810126582278481,0.9748427672955975,0.9860050890585241,0.982256020278834,0.9836065573770492,0.9815446184475706,0.0037376803855914366
1.2583803176879882,0.23605556819635565,0.1399841785430908,0.019372231297707092,10.0,balanced,l2,liblinear,5000,2,"(1, 2)","{'clf__C': 10, 'clf__class_weight': 'balanced', 'clf__penalty': 'l2', 'clf__solver': 'liblinear', 'tfidf__max_features': 5000, 'tfidf__min_df': 2, 'tfidf__ngram_range': (1, 2)}",0.821256038647343,0.7537688442211056,0.7286432160804021,0.6565656565656566,0.6666666666666666,0.7253800844362347,0.060318254642321385,20,0.9860050890585241,0.9860050890585241,0.9885204081632653,0.9897828863346104,0.9898477157360406,0.988032237670193,0.0017214938147834644
0.281581449508667,0.06707411985173789,0.08684005737304687,0.029179214734180937,10.0,balanced,l2,liblinear,5000,3,"(1, 1)","{'clf__C': 10, 'clf__class_weight': 'balanced', 'clf__penalty': 'l2', 'clf__solver': 'liblinear', 'tfidf__max_features': 5000, 'tfidf__min_df': 3, 'tfidf__ngram_range': (1, 1)}",0.7598039215686274,0.7537688442211056,0.7213930348258707,0.6313131313131313,0.6443298969072165,0.7021217657671902,0.05425826470029272,58,0.9773013871374527,0.9760705289672544,0.9860050890585241,0.982256020278834,0.9836065573770492,0.981047916563823,0.0037786396115185223
1.178318405151367,0.18657998150606914,0.09456605911254883,0.016287087573225837,10.0,balanced,l2,liblinear,5000,3,"(1, 2)","{'clf__C': 10, 'clf__class_weight': 'balanced', 'clf__penalty': 'l2', 'clf__solver': 'liblinear', 'tfidf__max_features': 5000, 'tfidf__min_df': 3, 'tfidf__ngram_range': (1, 2)}",0.8009708737864077,0.7537688442211056,0.725,0.6565656565656566,0.6887755102040817,0.7250161769554503,0.05018902624176594,21,0.9847522236340533,0.9872611464968153,0.9897828863346104,0.9910485933503836,0.9898477157360406,0.9885385131103807,0.002259673981417083
0.3329774856567383,0.08352033506818186,0.07031035423278809,0.021100074000795586,10.0,balanced,l2,liblinear,5000,5,"(1, 1)","{'clf__C': 10, 'clf__class_weight': 'balanced', 'clf__penalty': 'l2', 'clf__solver': 'liblinear', 'tfidf__max_features': 5000, 'tfidf__min_df': 5, 'tfidf__ngram_range': (1, 1)}",0.7598039215686274,0.7635467980295566,0.7,0.625,0.6410256410256411,0.697875272124765,0.057784266454655876,67,0.9760705289672544,0.9748427672955975,0.982256020278834,0.9810126582278481,0.982367758186398,0.9793099465911863,0.00320556722729885
1.2813693046569825,0.10614190539361425,0.12562241554260253,0.0475543612128336,10.0,balanced,l2,liblinear,5000,5,"(1, 2)","{'clf__C': 10, 'clf__class_weight': 'balanced', 'clf__penalty': 'l2', 'clf__solver': 'liblinear', 'tfidf__max_features': 5000, 'tfidf__min_df': 5, 'tfidf__ngram_range': (1, 2)}",0.8252427184466019,0.75,0.7035175879396985,0.6313131313131313,0.6666666666666666,0.7153480208732197,0.06760074003485855,39,0.9860050890585241,0.9872611464968153,0.9885204081632653,0.9910485933503836,0.9898477157360406,0.9885365905610058,0.0017924690528092493
0.29120259284973143,0.06309056908223644,0.055563163757324216,0.008636699496035509,10.0,balanced,l2,liblinear,10000,2,"(1, 1)","{'clf__C': 10, 'clf__class_weight': 'balanced', 'clf__penalty': 'l2', 'clf__solver': 'liblinear', 'tfidf__max_features': 10000, 'tfidf__min_df': 2, 'tfidf__ngram_range': (1, 1)}",0.7389162561576355,0.7711442786069652,0.725,0.6532663316582915,0.6377551020408163,0.7052163936927418,0.05123161647784658,52,0.9810126582278481,0.9760705289672544,0.9860050890585241,0.982256020278834,0.9836065573770492,0.981790170781902,0.003304561706338728
0.9755453586578369,0.12326134753173579,0.10204248428344727,0.044224587121971484,10.0,balanced,l2,liblinear,10000,2,"(1, 2)","{'clf__C': 10, 'clf__class_weight': 'balanced', 'clf__penalty': 'l2', 'clf__solver': 'liblinear', 'tfidf__max_features': 10000, 'tfidf__min_df': 2, 'tfidf__ngram_range': (1, 2)}",0.8009708737864077,0.746268656716418,0.7213930348258707,0.6377551020408163,0.6632653061224489,0.7139305946983925,0.05839028275246751,40,0.9897828863346104,0.9897828863346104,0.9910485933503836,0.9935897435897436,0.9923664122137404,0.9913141043646176,0.0014863135000244953
0.30861406326293944,0.08722873282601488,0.05763082504272461,0.011339579216721837,10.0,balanced,l2,liblinear,10000,3,"(1, 1)","{'clf__C': 10, 'clf__class_weight': 'balanced', 'clf__penalty': 'l2', 'clf__solver': 'liblinear', 'tfidf__max_features': 10000, 'tfidf__min_df': 3, 'tfidf__ngram_range': (1, 1)}",0.7598039215686274,0.7537688442211056,0.7213930348258707,0.6313131313131313,0.6443298969072165,0.7021217657671902,0.05425826470029272,58,0.9773013871374527,0.9760705289672544,0.9860050890585241,0.982256020278834,0.9836065573770492,0.981047916563823,0.0037786396115185223
0.957518196105957,0.1505535373862955,0.10498552322387696,0.0034354704623330407,10.0,balanced,l2,liblinear,10000,3,"(1, 2)","{'clf__C': 10, 'clf__class_weight': 'balanced', 'clf__penalty': 'l2', 'clf__solver': 'liblinear', 'tfidf__max_features': 10000, 'tfidf__min_df': 3, 'tfidf__ngram_range': (1, 2)}",0.8009708737864077,0.7286432160804021,0.725,0.6377551020408163,0.6666666666666666,0.7118071717148585,0.05644296784216579,47,0.9910485933503836,0.9897828863346104,0.9910485933503836,0.9935897435897436,0.9936305732484076,0.9918200779747058,0.0015329798664528744
0.22267570495605468,0.03529629565090572,0.060864830017089845,0.022839002841218054,10.0,balanced,l2,liblinear,10000,5,"(1, 1)","{'clf__C': 10, 'clf__class_weight': 'balanced', 'clf__penalty': 'l2', 'clf__solver': 'liblinear', 'tfidf__max_features': 10000, 'tfidf__min_df': 5, 'tfidf__ngram_range': (1, 1)}",0.7598039215686274,0.7635467980295566,0.7,0.625,0.6410256410256411,0.697875272124765,0.057784266454655876,67,0.9760705289672544,0.9748427672955975,0.982256020278834,0.9810126582278481,0.982367758186398,0.9793099465911863,0.00320556722729885
1.0264597892761231,0.17437602398116078,0.1092564582824707,0.011257994368485283,10.0,balanced,l2,liblinear,10000,5,"(1, 2)","{'clf__C': 10, 'clf__class_weight': 'balanced', 'clf__penalty': 'l2', 'clf__solver': 'liblinear', 'tfidf__max_features': 10000, 'tfidf__min_df': 5, 'tfidf__ngram_range': (1, 2)}",0.8009708737864077,0.725,0.725,0.6410256410256411,0.6887755102040817,0.7161544050032261,0.052429490815312375,37,0.9872611464968153,0.9897828863346104,0.9897828863346104,0.9923175416133163,0.9911054637865311,0.9900499849131768,0.001683814244764722
0.3470952033996582,0.05753496407425298,0.07350172996520996,0.02966239854471844,10.0,balanced,l2,liblinear,20000,2,"(1, 1)","{'clf__C': 10, 'clf__class_weight': 'balanced', 'clf__penalty': 'l2', 'clf__solver': 'liblinear', 'tfidf__max_features': 20000, 'tfidf__min_df': 2, 'tfidf__ngram_range': (1, 1)}",0.7389162561576355,0.7711442786069652,0.725,0.6532663316582915,0.6377551020408163,0.7052163936927418,0.05123161647784658,52,0.9810126582278481,0.9760705289672544,0.9860050890585241,0.982256020278834,0.9836065573770492,0.981790170781902,0.003304561706338728
0.9680701732635498,0.09252685560140626,0.1426380157470703,0.04421399506520704,10.0,balanced,l2,liblinear,20000,2,"(1, 2)","{'clf__C': 10, 'clf__class_weight': 'balanced', 'clf__penalty': 'l2', 'clf__solver': 'liblinear', 'tfidf__max_features': 20000, 'tfidf__min_df': 2, 'tfidf__ngram_range': (1, 2)}",0.8009708737864077,0.7142857142857143,0.725,0.6410256410256411,0.6632653061224489,0.7089095070440423,0.05559625015721559,51,0.9923175416133163,0.9935897435897436,0.9948652118100129,0.9935897435897436,0.9948979591836735,0.993852039957298,0.000960494473464853
0.23315415382385254,0.055651065975549176,0.04660749435424805,0.0036298789270682464,10.0,balanced,l2,liblinear,20000,3,"(1, 1)","{'clf__C': 10, 'clf__class_weight': 'balanced', 'clf__penalty': 'l2', 'clf__solver': 'liblinear', 'tfidf__max_features': 20000, 'tfidf__min_df': 3, 'tfidf__ngram_range': (1, 1)}",0.7598039215686274,0.7537688442211056,0.7213930348258707,0.6313131313131313,0.6443298969072165,0.7021217657671902,0.05425826470029272,58,0.9773013871374527,0.9760705289672544,0.9860050890585241,0.982256020278834,0.9836065573770492,0.981047916563823,0.0037786396115185223
1.0342955112457275,0.0473583345798838,0.11227102279663086,0.029717996222923208,10.0,balanced,l2,liblinear,20000,3,"(1, 2)","{'clf__C': 10, 'clf__class_weight': 'balanced', 'clf__penalty': 'l2', 'clf__solver': 'liblinear', 'tfidf__max_features': 20000, 'tfidf__min_df': 3, 'tfidf__ngram_range': (1, 2)}",0.8292682926829268,0.7142857142857143,0.7035175879396985,0.6443298969072165,0.6632653061224489,0.710933359587601,0.06446340497368253,50,0.9910485933503836,0.9910485933503836,0.9923175416133163,0.9935897435897436,0.9936305732484076,0.992327009030447,0.0011456492632250228
0.27266602516174315,0.10187147948155294,0.05514469146728516,0.008536645627849768,10.0,balanced,l2,liblinear,20000,5,"(1, 1)","{'clf__C': 10, 'clf__class_weight': 'balanced', 'clf__penalty': 'l2', 'clf__solver': 'liblinear', 'tfidf__max_features': 20000, 'tfidf__min_df': 5, 'tfidf__ngram_range': (1, 1)}",0.7598039215686274,0.7635467980295566,0.7,0.625,0.6410256410256411,0.697875272124765,0.057784266454655876,67,0.9760705289672544,0.9748427672955975,0.982256020278834,0.9810126582278481,0.982367758186398,0.9793099465911863,0.00320556722729885
1.0401766777038575,0.13866916519714748,0.09938888549804688,0.023688334957483157,10.0,balanced,l2,liblinear,20000,5,"(1, 2)","{'clf__C': 10, 'clf__class_weight': 'balanced', 'clf__penalty': 'l2', 'clf__solver': 'liblinear', 'tfidf__max_features': 20000, 'tfidf__min_df': 5, 'tfidf__ngram_range': (1, 2)}",0.8009708737864077,0.725,0.725,0.6410256410256411,0.6887755102040817,0.7161544050032261,0.052429490815312375,37,0.9872611464968153,0.9897828863346104,0.9897828863346104,0.9923175416133163,0.9911054637865311,0.9900499849131768,0.001683814244764722
0.3392686367034912,0.05574441540655164,0.061730813980102536,0.016866731046688344,100.0,balanced,l1,liblinear,5000,2,"(1, 1)","{'clf__C': 100, 'clf__class_weight': 'balanced', 'clf__penalty': 'l1', 'clf__solver': 'liblinear', 'tfidf__max_features': 5000, 'tfidf__min_df': 2, 'tfidf__ngram_range': (1, 1)}",0.6698564593301436,0.5978260869565217,0.5555555555555556,0.6122448979591837,0.5958549222797928,0.6062675844162395,0.036961238002274376,158,1.0,1.0,1.0,1.0,1.0,1.0,0.0
1.2145176887512208,0.14222127533725143,0.10608787536621093,0.026574681949698784,100.0,balanced,l1,liblinear,5000,2,"(1, 2)","{'clf__C': 100, 'clf__class_weight': 'balanced', 'clf__penalty': 'l1', 'clf__solver': 'liblinear', 'tfidf__max_features': 5000, 'tfidf__min_df': 2, 'tfidf__ngram_range': (1, 2)}",0.6435643564356436,0.6666666666666666,0.6084656084656085,0.5778894472361809,0.625,0.6243172157608199,0.030236420934097053,147,1.0,1.0,1.0,1.0,1.0,1.0,0.0
0.3350285530090332,0.08439407563820465,0.08531923294067383,0.025754226442230705,100.0,balanced,l1,liblinear,5000,3,"(1, 1)","{'clf__C': 100, 'clf__class_weight': 'balanced', 'clf__penalty': 'l1', 'clf__solver': 'liblinear', 'tfidf__max_features': 5000, 'tfidf__min_df': 3, 'tfidf__ngram_range': (1, 1)}",0.6553398058252428,0.6510416666666666,0.5585106382978723,0.5867346938775511,0.6666666666666666,0.6236586942667999,0.04292052352489153,148,1.0,1.0,1.0,1.0,1.0,1.0,0.0
1.0205233573913575,0.22252197606620158,0.10183606147766114,0.040004951239920025,100.0,balanced,l1,liblinear,5000,3,"(1, 2)","{'clf__C': 100, 'clf__class_weight': 'balanced', 'clf__penalty': 'l1', 'clf__solver': 'liblinear', 'tfidf__max_features': 5000, 'tfidf__min_df': 3, 'tfidf__ngram_range': (1, 2)}",0.6218905472636815,0.6887755102040817,0.5851063829787234,0.6188118811881188,0.6578947368421053,0.6344958116953422,0.03560334086774709,134,1.0,1.0,1.0,1.0,1.0,1.0,0.0
0.3454939842224121,0.08528768486696314,0.05093231201171875,0.0029290520929235978,100.0,balanced,l1,liblinear,5000,5,"(1, 1)","{'clf__C': 100, 'clf__class_weight': 'balanced', 'clf__penalty': 'l1', 'clf__solver': 'liblinear', 'tfidf__max_features': 5000, 'tfidf__min_df': 5, 'tfidf__ngram_range': (1, 1)}",0.6829268292682927,0.6544502617801047,0.5497382198952879,0.583756345177665,0.6532663316582915,0.6248275975559283,0.04977358128170307,144,1.0,1.0,1.0,1.0,1.0,1.0,0.0
0.9906258106231689,0.12361691893306564,0.09005327224731445,0.006717550880873099,100.0,balanced,l1,liblinear,5000,5,"(1, 2)","{'clf__C': 100, 'clf__class_weight': 'balanced', 'clf__penalty': 'l1', 'clf__solver': 'liblinear', 'tfidf__max_features': 5000, 'tfidf__min_df': 5, 'tfidf__ngram_range': (1, 2)}",0.6403940886699507,0.7216494845360825,0.6084656084656085,0.6030150753768844,0.6578947368421053,0.6462837987781263,0.042782910375377445,124,1.0,1.0,1.0,1.0,1.0,1.0,0.0
0.30719575881958006,0.08981990352684494,0.0552154541015625,0.01744290079223432,100.0,balanced,l1,liblinear,10000,2,"(1, 1)","{'clf__C': 100, 'clf__class_weight': 'balanced', 'clf__penalty': 'l1', 'clf__solver': 'liblinear', 'tfidf__max_features': 10000, 'tfidf__min_df': 2, 'tfidf__ngram_range': (1, 1)}",0.6730769230769231,0.5945945945945946,0.5585106382978723,0.6153846153846154,0.5789473684210527,0.6041028279550116,0.03920856010930934,160,1.0,1.0,1.0,1.0,1.0,1.0,0.0
0.8927062511444092,0.08012010237089,0.10517392158508301,0.022912362280601645,100.0,balanced,l1,liblinear,10000,2,"(1, 2)","{'clf__C': 100, 'clf__class_weight': 'balanced', 'clf__penalty': 'l1', 'clf__solver': 'liblinear', 'tfidf__max_features': 10000, 'tfidf__min_df': 2, 'tfidf__ngram_range': (1, 2)}",0.6345177664974619,0.678391959798995,0.6020942408376964,0.6435643564356436,0.6443298969072165,0.6405796440954027,0.02437464562489198,133,1.0,1.0,1.0,1.0,1.0,1.0,0.0
0.3385487079620361,0.06941631329668538,0.07543530464172363,0.019059623833255993,100.0,balanced,l1,liblinear,10000,3,"(1, 1)","{'clf__C': 100, 'clf__class_weight': 'balanced', 'clf__penalty': 'l1', 'clf__solver': 'liblinear', 'tfidf__max_features': 10000, 'tfidf__min_df': 3, 'tfidf__ngram_range': (1, 1)}",0.6553398058252428,0.6510416666666666,0.5585106382978723,0.5867346938775511,0.6666666666666666,0.6236586942667999,0.04292052352489153,148,1.0,1.0,1.0,1.0,1.0,1.0,0.0
1.0143911361694335,0.07819566858144075,0.0990023136138916,0.028129794666383833,100.0,balanced,l1,liblinear,10000,3,"(1, 2)","{'clf__C': 100, 'clf__class_weight': 'balanced', 'clf__penalty': 'l1', 'clf__solver': 'liblinear', 'tfidf__max_features': 10000, 'tfidf__min_df': 3, 'tfidf__ngram_range': (1, 2)}",0.6716417910447762,0.6852791878172588,0.6282722513089005,0.6716417910447762,0.6476683937823834,0.6609006829996191,0.020321231920056523,114,1.0,1.0,1.0,1.0,1.0,1.0,0.0
0.25336318016052245,0.045592603260806205,0.056411361694335936,0.01725619213694727,100.0,balanced,l1,liblinear,10000,5,"(1, 1)","{'clf__C': 100, 'clf__class_weight': 'balanced', 'clf__penalty': 'l1', 'clf__solver': 'liblinear', 'tfidf__max_features': 10000, 'tfidf__min_df': 5, 'tfidf__ngram_range': (1, 1)}",0.6829268292682927,0.6544502617801047,0.5497382198952879,0.583756345177665,0.6532663316582915,0.6248275975559283,0.04977358128170307,144,1.0,1.0,1.0,1.0,1.0,1.0,0.0
0.9836452007293701,0.13009152666562696,0.10600514411926269,0.031958769201611927,100.0,balanced,l1,liblinear,10000,5,"(1, 2)","{'clf__C': 100, 'clf__class_weight': 'balanced', 'clf__penalty': 'l1', 'clf__solver': 'liblinear', 'tfidf__max_features': 10000, 'tfidf__min_df': 5, 'tfidf__ngram_range': (1, 2)}",0.6091370558375635,0.6958762886597938,0.6084656084656085,0.65,0.6510416666666666,0.6429041239259264,0.03240014669751561,125,1.0,1.0,1.0,1.0,1.0,1.0,0.0
0.3588711261749268,0.06288416931347005,0.05483546257019043,0.012965973087751975,100.0,balanced,l1,liblinear,20000,2,"(1, 1)","{'clf__C': 100, 'clf__class_weight': 'balanced', 'clf__penalty': 'l1', 'clf__solver': 'liblinear', 'tfidf__max_features': 20000, 'tfidf__min_df': 2, 'tfidf__ngram_range': (1, 1)}",0.6730769230769231,0.5945945945945946,0.5585106382978723,0.6153846153846154,0.5789473684210527,0.6041028279550116,0.03920856010930934,160,1.0,1.0,1.0,1.0,1.0,1.0,0.0
0.879672622680664,0.10278604748820107,0.08696813583374023,0.003174008468343631,100.0,balanced,l1,liblinear,20000,2,"(1, 2)","{'clf__C': 100, 'clf__class_weight': 'balanced', 'clf__penalty': 'l1', 'clf__solver': 'liblinear', 'tfidf__max_features': 20000, 'tfidf__min_df': 2, 'tfidf__ngram_range': (1, 2)}",0.6829268292682927,0.7073170731707317,0.6476683937823834,0.6521739130434783,0.6565656565656566,0.6693303731661085,0.022602550565942982,104,1.0,1.0,1.0,1.0,1.0,1.0,0.0
0.32862286567687987,0.04738712159608808,0.06124968528747558,0.018149964923886343,100.0,balanced,l1,liblinear,20000,3,"(1, 1)","{'clf__C': 100, 'clf__class_weight': 'balanced', 'clf__penalty': 'l1', 'clf__solver': 'liblinear', 'tfidf__max_features': 20000, 'tfidf__min_df': 3, 'tfidf__ngram_range': (1, 1)}",0.6553398058252428,0.6510416666666666,0.5585106382978723,0.5867346938775511,0.6666666666666666,0.6236586942667999,0.04292052352489153,148,1.0,1.0,1.0,1.0,1.0,1.0,0.0
0.8471546649932862,0.12170611941767744,0.08569669723510742,0.0026079066110029922,100.0,balanced,l1,liblinear,20000,3,"(1, 2)","{'clf__C': 100, 'clf__class_weight': 'balanced', 'clf__penalty': 'l1', 'clf__solver': 'liblinear', 'tfidf__max_features': 20000, 'tfidf__min_df': 3, 'tfidf__ngram_range': (1, 2)}",0.628140703517588,0.7035175879396985,0.625,0.6467661691542289,0.6701030927835051,0.6547055106790041,0.029226166047702947,120,1.0,1.0,1.0,1.0,1.0,1.0,0.0
0.28748717308044436,0.06464259725859177,0.05673604011535645,0.009750323240464553,100.0,balanced,l1,liblinear,20000,5,"(1, 1)","{'clf__C': 100, 'clf__class_weight': 'balanced', 'clf__penalty': 'l1', 'clf__solver': 'liblinear', 'tfidf__max_features': 20000, 'tfidf__min_df': 5, 'tfidf__ngram_range': (1, 1)}",0.6829268292682927,0.6544502617801047,0.5497382198952879,0.583756345177665,0.6532663316582915,0.6248275975559283,0.04977358128170307,144,1.0,1.0,1.0,1.0,1.0,1.0,0.0
0.9069463729858398,0.18067991962848792,0.09853229522705079,0.014607039050111213,100.0,balanced,l1,liblinear,20000,5,"(1, 2)","{'clf__C': 100, 'clf__class_weight': 'balanced', 'clf__penalty': 'l1', 'clf__solver': 'liblinear', 'tfidf__max_features': 20000, 'tfidf__min_df': 5, 'tfidf__ngram_range': (1, 2)}",0.6091370558375635,0.6958762886597938,0.6084656084656085,0.65,0.6510416666666666,0.6429041239259264,0.03240014669751561,125,1.0,1.0,1.0,1.0,1.0,1.0,0.0
0.27285919189453123,0.05277937055835724,0.04803447723388672,0.004375207680482995,100.0,balanced,l2,liblinear,5000,2,"(1, 1)","{'clf__C': 100, 'clf__class_weight': 'balanced', 'clf__penalty': 'l2', 'clf__solver': 'liblinear', 'tfidf__max_features': 5000, 'tfidf__min_df': 2, 'tfidf__ngram_range': (1, 1)}",0.7425742574257426,0.7216494845360825,0.6476683937823834,0.5729166666666666,0.5958549222797928,0.6561327449381336,0.06692466671787325,119,1.0,1.0,1.0,1.0,1.0,1.0,0.0
0.8143049240112304,0.06954187229781635,0.08576245307922363,0.007211853322445226,100.0,balanced,l2,liblinear,5000,2,"(1, 2)","{'clf__C': 100, 'clf__class_weight': 'balanced', 'clf__penalty': 'l2', 'clf__solver': 'liblinear', 'tfidf__max_features': 5000, 'tfidf__min_df': 2, 'tfidf__ngram_range': (1, 2)}",0.75,0.6578947368421053,0.6282722513089005,0.5729166666666666,0.6735751295336787,0.6565317568702703,0.05799780979353543,118,1.0,1.0,1.0,0.9987113402061856,1.0,0.999742268041237,0.0005154639175257714
0.25416154861450196,0.039391160793071124,0.04979805946350098,0.005586078103239624,100.0,balanced,l2,liblinear,5000,3,"(1, 1)","{'clf__C': 100, 'clf__class_weight': 'balanced', 'clf__penalty': 'l2', 'clf__solver': 'liblinear', 'tfidf__max_features': 5000, 'tfidf__min_df': 3, 'tfidf__ngram_range': (1, 1)}",0.7,0.7397959183673469,0.6217616580310881,0.5699481865284974,0.5729166666666666,0.6408844859187197,0.06825742603645756,130,1.0,1.0,1.0,1.0,1.0,1.0,0.0
0.9480587005615234,0.10536013267736687,0.08314080238342285,0.00644319750394386,100.0,balanced,l2,liblinear,5000,3,"(1, 2)","{'clf__C': 100, 'clf__class_weight': 'balanced', 'clf__penalty': 'l2', 'clf__solver': 'liblinear', 'tfidf__max_features': 5000, 'tfidf__min_df': 3, 'tfidf__ngram_range': (1, 2)}",0.75,0.7216494845360825,0.6510416666666666,0.5789473684210527,0.6735751295336787,0.675042729831496,0.05933515872311727,100,1.0,1.0,1.0,0.9987113402061856,1.0,0.999742268041237,0.0005154639175257714
0.2783310890197754,0.062116056727587896,0.06137800216674805,0.0218646095793478,100.0,balanced,l2,liblinear,5000,5,"(1, 1)","{'clf__C': 100, 'clf__class_weight': 'balanced', 'clf__penalty': 'l2', 'clf__solver': 'liblinear', 'tfidf__max_features': 5000, 'tfidf__min_df': 5, 'tfidf__ngram_range': (1, 1)}",0.6565656565656566,0.7397959183673469,0.6666666666666666,0.5699481865284974,0.5759162303664922,0.6417785316989321,0.06315524940558896,127,1.0,1.0,1.0,1.0,1.0,1.0,0.0
0.7428837776184082,0.05661571253299026,0.07741265296936035,0.0010436036779993287,100.0,balanced,l2,liblinear,5000,5,"(1, 2)","{'clf__C': 100, 'clf__class_weight': 'balanced', 'clf__penalty': 'l2', 'clf__solver': 'liblinear', 'tfidf__max_features': 5000, 'tfidf__min_df': 5, 'tfidf__ngram_range': (1, 2)}",0.746268656716418,0.6735751295336787,0.6510416666666666,0.5759162303664922,0.6735751295336787,0.6640753625633868,0.05454931450924772,112,1.0,1.0,1.0,0.9987113402061856,1.0,0.999742268041237,0.0005154639175257714
0.20402250289916993,0.02018040606542054,0.054199934005737305,0.010192768530638366,100.0,balanced,l2,liblinear,10000,2,"(1, 1)","{'clf__C': 100, 'clf__class_weight': 'balanced', 'clf__penalty': 'l2', 'clf__solver': 'liblinear', 'tfidf__max_features': 10000, 'tfidf__min_df': 2, 'tfidf__ngram_range': (1, 1)}",0.725,0.7253886010362695,0.6052631578947368,0.5958549222797928,0.5958549222797928,0.6494723206981183,0.06192223003604352,122,1.0,1.0,1.0,1.0,1.0,1.0,0.0
0.8174805164337158,0.08005749922241649,0.08682518005371094,0.003849050267899077,100.0,balanced,l2,liblinear,10000,2,"(1, 2)","{'clf__C': 100, 'clf__class_weight': 'balanced', 'clf__penalty': 'l2', 'clf__solver': 'liblinear', 'tfidf__max_features': 10000, 'tfidf__min_df': 2, 'tfidf__ngram_range': (1, 2)}",0.775,0.6613756613756614,0.6476683937823834,0.6443298969072165,0.6282722513089005,0.6713292406748324,0.05289499910715473,103,1.0,1.0,1.0,0.9987113402061856,1.0,0.999742268041237,0.0005154639175257714
0.21203408241271973,0.03136311872126715,0.04880166053771973,0.005289769598153011,100.0,balanced,l2,liblinear,10000,3,"(1, 1)","{'clf__C': 100, 'clf__class_weight': 'balanced', 'clf__penalty': 'l2', 'clf__solver': 'liblinear', 'tfidf__max_features': 10000, 'tfidf__min_df': 3, 'tfidf__ngram_range': (1, 1)}",0.7,0.7397959183673469,0.6217616580310881,0.5699481865284974,0.5729166666666666,0.6408844859187197,0.06825742603645756,130,1.0,1.0,1.0,1.0,1.0,1.0,0.0
0.8553506851196289,0.10184409562232835,0.0973402976989746,0.021361970963489702,100.0,balanced,l2,liblinear,10000,3,"(1, 2)","{'clf__C': 100, 'clf__class_weight': 'balanced', 'clf__penalty': 'l2', 'clf__solver': 'liblinear', 'tfidf__max_features': 10000, 'tfidf__min_df': 3, 'tfidf__ngram_range': (1, 2)}",0.7286432160804021,0.6578947368421053,0.6701030927835051,0.6476683937823834,0.6052631578947368,0.6619145194766265,0.03987043817679417,113,1.0,1.0,1.0,0.9987113402061856,1.0,0.999742268041237,0.0005154639175257714
0.21744885444641113,0.027139536942646383,0.05082125663757324,0.002220211176811089,100.0,balanced,l2,liblinear,10000,5,"(1, 1)","{'clf__C': 100, 'clf__class_weight': 'balanced', 'clf__penalty': 'l2', 'clf__solver': 'liblinear', 'tfidf__max_features': 10000, 'tfidf__min_df': 5, 'tfidf__ngram_range': (1, 1)}",0.6565656565656566,0.7397959183673469,0.6666666666666666,0.5699481865284974,0.5759162303664922,0.6417785316989321,0.06315524940558896,127,1.0,1.0,1.0,1.0,1.0,1.0,0.0
0.8135377883911132,0.060922041789736085,0.08354897499084472,0.012034347376070027,100.0,balanced,l2,liblinear,10000,5,"(1, 2)","{'clf__C': 100, 'clf__class_weight': 'balanced', 'clf__penalty': 'l2', 'clf__solver': 'liblinear', 'tfidf__max_features': 10000, 'tfidf__min_df': 5, 'tfidf__ngram_range': (1, 2)}",0.7711442786069652,0.6282722513089005,0.6735751295336787,0.6020942408376964,0.6476683937823834,0.664550858813925,0.0582161124127541,110,1.0,1.0,1.0,0.9987113402061856,1.0,0.999742268041237,0.0005154639175257714
0.25749683380126953,0.07586444232564635,0.06155672073364258,0.017914101464984858,100.0,balanced,l2,liblinear,20000,2,"(1, 1)","{'clf__C': 100, 'clf__class_weight': 'balanced', 'clf__penalty': 'l2', 'clf__solver': 'liblinear', 'tfidf__max_features': 20000, 'tfidf__min_df': 2, 'tfidf__ngram_range': (1, 1)}",0.725,0.7253886010362695,0.6052631578947368,0.5958549222797928,0.5958549222797928,0.6494723206981183,0.06192223003604352,122,1.0,1.0,1.0,1.0,1.0,1.0,0.0
0.7848723411560059,0.05254609695348616,0.08949480056762696,0.004601913734474965,100.0,balanced,l2,liblinear,20000,2,"(1, 2)","{'clf__C': 100, 'clf__class_weight': 'balanced', 'clf__penalty': 'l2', 'clf__solver': 'liblinear', 'tfidf__max_features': 20000, 'tfidf__min_df': 2, 'tfidf__ngram_range': (1, 2)}",0.7360406091370558,0.7068062827225131,0.6476683937823834,0.6217616580310881,0.631578947368421,0.6687711782082923,0.04474445227187615,108,1.0,1.0,1.0,0.9987113402061856,1.0,0.999742268041237,0.0005154639175257714
0.2282318115234375,0.030987310804127394,0.06348977088928223,0.022314473683987313,100.0,balanced,l2,liblinear,20000,3,"(1, 1)","{'clf__C': 100, 'clf__class_weight': 'balanced', 'clf__penalty': 'l2', 'clf__solver': 'liblinear', 'tfidf__max_features': 20000, 'tfidf__min_df': 3, 'tfidf__ngram_range': (1, 1)}",0.7,0.7397959183673469,0.6217616580310881,0.5699481865284974,0.5729166666666666,0.6408844859187197,0.06825742603645756,130,1.0,1.0,1.0,1.0,1.0,1.0,0.0
0.7804981231689453,0.08433950356491687,0.06558265686035156,0.01249193483764389,100.0,balanced,l2,liblinear,20000,3,"(1, 2)","{'clf__C': 100, 'clf__class_weight': 'balanced', 'clf__penalty': 'l2', 'clf__solver': 'liblinear', 'tfidf__max_features': 20000, 'tfidf__min_df': 3, 'tfidf__ngram_range': (1, 2)}",0.7286432160804021,0.6613756613756614,0.6282722513089005,0.625,0.6282722513089005,0.6543126760147728,0.039472409000535266,121,1.0,1.0,1.0,0.9987113402061856,1.0,0.999742268041237,0.0005154639175257714
0.1917703628540039,0.008046875566106216,0.04441962242126465,0.001603936842138036,100.0,balanced,l2,liblinear,20000,5,"(1, 1)","{'clf__C': 100, 'clf__class_weight': 'balanced', 'clf__penalty': 'l2', 'clf__solver': 'liblinear', 'tfidf__max_features': 20000, 'tfidf__min_df': 5, 'tfidf__ngram_range': (1, 1)}",0.6565656565656566,0.7397959183673469,0.6666666666666666,0.5699481865284974,0.5759162303664922,0.6417785316989321,0.06315524940558896,127,1.0,1.0,1.0,1.0,1.0,1.0,0.0
0.5588071823120118,0.029503019305280563,0.05450887680053711,0.005026810146598782,100.0,balanced,l2,liblinear,20000,5,"(1, 2)","{'clf__C': 100, 'clf__class_weight': 'balanced', 'clf__penalty': 'l2', 'clf__solver': 'liblinear', 'tfidf__max_features': 20000, 'tfidf__min_df': 5, 'tfidf__ngram_range': (1, 2)}",0.7711442786069652,0.6282722513089005,0.6735751295336787,0.6020942408376964,0.6476683937823834,0.664550858813925,0.0582161124127541,110,1.0,1.0,1.0,0.9987113402061856,1.0,0.999742268041237,0.0005154639175257714
